"1,2-Propanediol",439846,C00583,HMDB06213,CHEBI:28972
Dihydroxyacetone,670,D07841,HMDB01882,CHEBI:16016
"1,5-Anhydroglucitol (1,5-Ag)",64960,C07326,HMDB02712,CHEBI:16070
10-Heptadecenoate (17:1N7),5312435,NA,NA,CHEBI:75094
10-Nonadecenoate (19:1N9),5312513,NA,HMDB13622,NA
13-Hode + 9-Hode,NA,NA,NA,NA
15-Methylpalmitate (Isobar With 2-Methylpalmitate),NA,NA,NA,NA
16-Hydroxypalmitate,10466,C18218,NA,CHEBI:55328
1-Arachidonoylglycerophosphocholine*,NA,C05208,NA,NA
1-Arachidonoylglycerophosphoethanolamine*,42607465,NA,HMDB11517,CHEBI:64395
1-Arachidonoylglycerophosphoinositol*,NA,C03819,NA,NA
1-Arachidonylglycerol,53480981,C13857,HMDB11572,CHEBI:75572
1-Docosahexaenoylglycerophosphocholine*,NA,NA,NA,NA
1-Heptadecanoylglycerophosphocholine,24779463,NA,HMDB12108,CHEBI:74340
1-Heptadecanoylglycerophosphoethanolamine*,NA,NA,NA,NA
1-Linoleoylglycerol (1-Monolinolein),5283469,NA,NA,CHEBI:75565
1-Linoleoylglycerophosphocholine,5280646,C04100,NA,NA
1-Linoleoylglycerophosphoethanolamine*,52925130,NA,HMDB11507,NA
1-Methylimidazoleacetate,75810,C05828,HMDB02820,CHEBI:1606
1-Myristoyl-Gpc (14:0),460604,NA,HMDB10379,NA
1-Myristoylglycerophosphoethanolamine,9547070,NA,HMDB11500,NA
1-Oleoylglycerol (1-Monoolein),5283468,C01885,HMDB11567,CHEBI:75342
1-Oleoyl-Gpc (18:1),5280634,C03916,HMDB02815,CHEBI:74342
1-Oleoylglycerophosphoethanolamine,58177709,NA,HMDB11506,CHEBI:75168
1-Oleoylglycerophosphoinositol*,NA,NA,NA,NA
1-Oleoylglycerophosphoserine,9547099,NA,NA,CHEBI:52649
1-Palmitoleoylglycerophosphocholine*,NA,NA,NA,NA
1-Palmitoleoylglycerophosphoethanolamine*,NA,NA,NA,NA
1-Palmitoylglycerol (1-Monopalmitin),14900,NA,NA,CHEBI:75811
1-Palmitoylglycerophosphocholine,86554,C04102,NA,NA
1-Palmitoyl-Gpe (16:0),9547069,NA,HMDB11503,CHEBI:73134
1-Palmitoylglycerophosphoinositol*,NA,NA,NA,NA
1-Palmitoylplasmenylethanolamine*,NA,NA,NA,NA
1-Pentadecanoylglycerophosphocholine*,NA,NA,NA,NA
1-Stearoylglycerol (1-Monostearin),24699,D01947,NA,CHEBI:75555
1-Stearoyl-Gpc (18:0),497299,NA,HMDB10384,CHEBI:73858
1-Stearoylglycerophosphoethanolamine,46891690,NA,HMDB11130,CHEBI:75036
1-Stearoylglycerophosphoinositol,NA,NA,NA,NA
Aminoadipic Acid,59366488,C00956,HMDB00510,CHEBI:37023
2-Aminobutyrate,251,C02261,HMDB00650,CHEBI:28797
2-Arachidonoylglycerophosphocholine*,NA,NA,NA,NA
2-Arachidonoylglycerophosphoethanolamine*,NA,NA,NA,NA
2'-Deoxyadenosine 3'-Monophosphate,1467,NA,NA,NA
2'-Deoxycytidine 3'-Monophosphate,3274948,NA,NA,NA
2'-Deoxyguanosine,187790,C00330,HMDB00085,CHEBI:17172
2'-Deoxyinosine,65058,C05512,HMDB00071,CHEBI:28997
2-Docosahexaenoylglycerophosphocholine*,NA,NA,NA,NA
2-Docosahexaenoylglycerophosphoethanolamine*,NA,NA,NA,NA
2-Docosapentaenoylglycerophosphocholine*,NA,NA,NA,NA
2-Docosapentaenoylglycerophosphoethanolamine*,NA,NA,NA,NA
2-Eicosatrienoylglycerophosphocholine*,NA,NA,NA,NA
2-Ethylhexanoate,8697,NA,NA,NA
2-Hydroxyacetaminophen Sulfate*,NA,NA,NA,NA
2-Hydroxybutyrate (Ahb),440864,C05984,HMDB00008,CHEBI:50613
2-Hydroxyglutarate,43,C02630,HMDB00606,CHEBI:32796
2-Hydroxyhippurate (Salicylurate),10253,C07588,HMDB00840,CHEBI:9008
2-Hydroxyisobutyrate,11671,NA,HMDB00729,CHEBI:50129
2-Hydroxypalmitate,92836,NA,NA,CHEBI:65101
2-Isopropylmalate,77,C02504,HMDB00402,CHEBI:28635
2-Linoleoylglycerol (2-Monolinolein),5365676,NA,HMDB11538,CHEBI:75457
2-Linoleoylglycerophosphocholine*,NA,NA,NA,NA
2-Linoleoylglycerophosphoethanolamine*,NA,NA,NA,NA
2-Methoxyacetaminophen Sulfate*,NA,NA,NA,NA
2-Methylbutyroylcarnitine (C5),6426901,NA,HMDB00378,CHEBI:73026
2-Myristoylglycerophosphocholine*,NA,NA,NA,NA
2-Oleoylglycerol (2-Monoolein),5319879,NA,HMDB11537,CHEBI:73990
2-Oleoylglycerophosphocholine*,NA,NA,NA,NA
2-Oleoylglycerophosphoethanolamine*,NA,NA,NA,NA
2-Oleoylglycerophosphoserine*,NA,NA,NA,NA
2-Palmitoleoylglycerophosphocholine*,NA,NA,NA,NA
2-Palmitoylglycerol (2-Monopalmitin),123409,NA,HMDB11533,CHEBI:75455
2-Palmitoylglycerophosphocholine*,NA,NA,NA,NA
2-Palmitoylglycerophosphoethanolamine*,NA,NA,NA,NA
2-Phosphoglycerate,439278,C00631,HMDB03391,CHEBI:17835
2-Stearoyl-Gpc* (18:0)*,10208382,NA,NA,NA
2-Stearoylglycerophosphoethanolamine*,NA,NA,NA,NA
3-(4-Hydroxyphenyl)Lactate (Hpla),9378,C03672,HMDB00755,CHEBI:17385
3-(Cystein-S-Yl)Acetaminophen*,5233914,NA,NA,NA
3-(N-Acetyl-L-Cystein-S-Yl) Acetaminophen*,83967,NA,NA,NA
"3,4-Dihydroxyphenethyleneglycol",91528,C05576,HMDB00318,CHEBI:1387
3-Aminoisobutyrate,64956,C05145,HMDB02166,CHEBI:58655
3-Carboxy-4-Methyl-5-Propyl-2-Furanpropanoate (Cmpf),123979,NA,NA,NA
3-Dehydrocarnitine*,439773,C02636,HMDB12154,CHEBI:16758
3'-Dephosphocoenzyme A,439335,C00882,HMDB01373,CHEBI:15468
3-Hydroxybutyrate (Bhba),92135,C01089,HMDB00357,CHEBI:20067
3-Hydroxydecanoate,26612,NA,HMDB02203,NA
3-Hydroxyhippurate,450268,NA,HMDB06116,CHEBI:70824
3-Hydroxyoctanoate,26613,NA,HMDB01954,CHEBI:37098
3-Indoxyl Sulfate,10258,NA,HMDB00682,CHEBI:43355
3-Methyl-2-Oxovalerate,47,C03465,HMDB03736,CHEBI:15614
3-Methylhistidine,6971061,C01152,HMDB00001,CHEBI:27596
3-Phosphoglycerate (3P G ),724,C00197,HMDB00807,CHEBI:17050
3-Ureidopropionate,111,C02642,HMDB00026,CHEBI:18261
4-Acetamidophenol,NA,NA,NA,NA
4-Acetaminophen Sulfate,1983,C06804,HMDB01859,CHEBI:32635
"4-Androsten-3Beta,17Beta-Diol Disulfate 1*",10634,C04295,HMDB03818,CHEBI:2710
4-Guanidinobutanoate,25200642,C01035,HMDB03464,CHEBI:57486
4-Hydroxybutyrate (Ghb),10413,C01991,HMDB00710,CHEBI:30830
4-Hydroxyglutamate,439902,C03079,HMDB01344,CHEBI:32811
4-Hydroxyhippurate,151012,NA,NA,CHEBI:71018
4-Hydroxyphenylacetate,127,C00642,HMDB00020,CHEBI:48999
4-Methyl-2-Oxopentanoate,70,C00233,HMDB00695,CHEBI:48430
"5,6-Dihydrouracil",649,C00429,HMDB00076,CHEBI:15901
5-Aminovalerate,NA,NA,NA,NA
5-Hete,9862886,NA,NA,CHEBI:60943
5-Methyltetrahydrofolate (5Methf),439234,C00440,HMDB01396,NA
5-Methylthioadenosine (Mta),439176,C00170,HMDB01173,CHEBI:17509
5-Methyluridine (Ribothymidine),445408,NA,HMDB00884,CHEBI:30821
5-Oxoete,5283159,C14732,HMDB10217,CHEBI:52449
5-Oxoproline,7405,C01879,HMDB00267,CHEBI:18183
6-Keto Prostaglandin F1Alpha,5280888,C05961,HMDB02886,CHEBI:28158
6-Phospho-D-Gluconate,91493,C00345,HMDB01316,CHEBI:48928
6'-Sialyllactose,643987,G00265,HMDB06569,NA
7-Alpha-Hydroxy-3-Oxo-4-Cholestenoate (7-Hoca),53481411,C17337,HMDB12458,NA
7-Alpha-Hydroxycholesterol,53477732,NA,HMDB01496,NA
7-Beta-Hydroxycholesterol,107722,C03594,HMDB06119,CHEBI:17500
Acetylcarnitine (C2),439756,C02571,HMDB00201,CHEBI:57589
Ac-Ser-Asp-Lys-Pro-Oh,4409396,NA,NA,NA
Adenine,190,C00147,HMDB00034,CHEBI:16708
Adenosine,60961,C07195,HMDB00050,CHEBI:16335
Adenosine 2'-Monophosphate (2'-Amp),94136,C00946,HMDB11617,CHEBI:28223
Adenosine 3'-Monophosphate (3'-Amp),15938966,C01367,HMDB03540,CHEBI:60880
Amp,15938965,D02769,HMDB00045,CHEBI:456215
Adenylosuccinate,195,C03794,HMDB00536,CHEBI:15919
Adipate,22494954,C06104,HMDB00448,CHEBI:30832
Adrenate (22:4N6),5282844,C16527,HMDB02226,CHEBI:53487
Agmatine,199,C00179,HMDB01432,CHEBI:17431
Alanine,7311724,D00012,HMDB00161,CHEBI:57972
Alanylalanine,6992112,C00993,HMDB03459,CHEBI:57822
Alanylglutamate,656476,NA,NA,NA
Alanylglycine,679,NA,HMDB06899,NA
Alanylisoleucine,NA,NA,NA,NA
Alanylleucine,54758690,NA,NA,NA
Alanylmethionine,NA,NA,NA,NA
Alanylphenylalanine,2080,NA,NA,NA
Alanylthreonine,426318,NA,NA,NA
Alanyltryptophan,NA,NA,NA,NA
Alanyltyrosine,NA,NA,NA,NA
Alanylvaline,137276,NA,NA,NA
Allo-Threonine,6995276,C05519,HMDB04041,CHEBI:58585
Alpha-Glutamylglutamate,439500,C01425,NA,CHEBI:5390
Alpha-Glutamyltryptophan,333386,NA,NA,NA
Alpha-Glutamyltyrosine,351830,NA,NA,NA
Alpha-Hydroxyisovalerate,99823,NA,HMDB00407,CHEBI:60645
A-Tocopherol,14985,C02477,HMDB01893,CHEBI:18145
Androsterone Sulfate,5879,C00523,HMDB02759,CHEBI:16032
Anserine,6992114,C01262,HMDB00194,CHEBI:18323
Arabitol,439255,C01904,HMDB01851,CHEBI:18333
Arabonate,122045,C00878,HMDB00539,CHEBI:20912
Arachidate (20:0),10467,C06425,HMDB02212,CHEBI:28822
Arachidonate (20:4N6),444899,C00219,HMDB01043,CHEBI:15843
Arginine,487,C00062,HMDB03416,CHEBI:15816
Argininosuccinate,828,C03406,HMDB00052,NA
Arginylleucine,333445,NA,NA,NA
Arginylmethionine,9815009,NA,NA,NA
Arginylphenylalanine,4441256,NA,NA,NA
Arginyltyrosine,NA,NA,NA,NA
Arginylvaline,335257,NA,NA,NA
Ascorbic Acid,54670067,D00018,HMDB00044,CHEBI:29073
Asparagine,6267,C00152,HMDB00168,CHEBI:58048
Aspartate,44367445,D00013,HMDB00191,CHEBI:17053
Aspartate-Glutamate,4130574,NA,NA,NA
Aspartylleucine,332962,NA,NA,NA
Aspartylphenylalanine,93078,NA,HMDB00706,CHEBI:73830
Aspartyltryptophan,9948926,NA,NA,NA
Aspartylvaline,4991131,NA,NA,NA
Atenolol,2249,D00235,HMDB01924,CHEBI:2904
Azelate (Nonanedioate),19347555,C08261,HMDB00784,CHEBI:48131
Benzoate,243,C00180,HMDB01870,CHEBI:30746
B-Alanine,801,D07561,HMDB00056,CHEBI:16958
Beta-Hydroxypyruvate,964,C00168,HMDB01352,CHEBI:30841
Glycine Betaine,247,C00719,HMDB00043,CHEBI:17750
Beta-Tocopherol,6857447,C14152,HMDB06335,CHEBI:47771
"Bilirubin (E,E)*",5315454,NA,NA,NA
"Bilirubin (Z,Z)",5280352,C00486,HMDB00054,CHEBI:16990
Butyrylcarnitine,213145,C02862,HMDB02013,CHEBI:7676
Caprate (10:0),2969,C01571,HMDB00511,CHEBI:30813
Caproate (6:0),NA,NA,NA,NA
Caprylate (8:0),379,D05220,HMDB00482,CHEBI:28837
Carnitine,10917,C00487,HMDB00062,CHEBI:16347
Catechol Sulfate,289,C01785,HMDB00957,CHEBI:18135
Celecoxib,2662,C07589,HMDB05014,CHEBI:41423
C-Glycosyltryptophan*,NA,NA,NA,NA
Chiro-Inositol,NA,NA,NA,NA
Cholate,221493,C00695,HMDB00619,CHEBI:16359
Cholesterol,6432564,D00040,HMDB00067,CHEBI:16113
Choline,170746,C00114,HMDB00097,CHEBI:15354
Phosphocholine,135437,C00588,HMDB01565,CHEBI:18132
Cinnamoylglycine,709625,NA,HMDB11621,CHEBI:68616
Cis -Aconitate,643757,C00417,HMDB00072,CHEBI:32805
Cis-Vaccenate (18:1N7),5282761,C08367,HMDB03231,CHEBI:50464
Citalopram,2771,C07572,HMDB05038,CHEBI:3723
Citramalate,1081,C00815,HMDB00426,CHEBI:15584
Citrate,19782904,C00158,HMDB00094,CHEBI:30769
Citrulline,6992098,D07706,HMDB00904,CHEBI:16349
Codeine,53477788,NA,HMDB04995,NA
Cortisol,5754,D00088,HMDB00063,CHEBI:17650
Cortisone,222786,D07749,HMDB02802,CHEBI:16962
Creatine,59098743,C00300,HMDB00064,CHEBI:16919
Creatinine,588,D03600,HMDB00562,CHEBI:16737
Cysteine,722,D00026,HMDB00574,CHEBI:61894
Cysteine-Glutathione Disulfide,53477713,NA,HMDB00656,NA
Cysteinylglycine,439498,C01419,HMDB00078,CHEBI:4047
Cystine,6992103,D03636,HMDB00192,CHEBI:35491
Cytidine,6175,C00475,HMDB00089,CHEBI:17562
Cytidine 5'-Diphosphocholine,13804,C00307,HMDB01413,CHEBI:16436
Cytidine 5'-Monophosphate (5'-Cmp),6131,C00055,HMDB00095,CHEBI:60377
Cytidine-3'-Monophosphate (3'-Cmp),256622,C05822,NA,CHEBI:53013
"Cytosine-2',3'-Cyclic Monophosphate",68934,C02354,HMDB11691,CHEBI:27652
Deoxycarnitine,725,C01181,HMDB01161,CHEBI:1941
Dihomolinoleate (20:2N6),6439848,C16525,HMDB05060,CHEBI:73731
Dihomolinolenate (20:3N3 Or 3N6),5312529,C03242,HMDB02925,CHEBI:53486
Dihydrocholesterol,6665,NA,HMDB00908,NA
Dimethylarginine (Adma + Sdma),NA,NA,NA,CHEBI:25682
Dimethylglycine,673,C01026,HMDB00092,CHEBI:58251
Docosadienoate (22:2N6),5312554,C16533,NA,CHEBI:75117
Docosahexaenoate (Dha; 22:6N3),NA,NA,NA,NA
Docosapentaenoate (N3 Dpa; 22:5N3),NA,NA,NA,NA
Docosapentaenoate (Dpa; 22:5N3),5497182,C16513,HMDB06528,CHEBI:53488
Docosatrienoate (22:3N3),5312557,C16534,HMDB02823,NA
Dodecanedioate,12736,C02678,HMDB00623,CHEBI:4676
Eicosapentaenoate (Epa; 20:5N3),446284,D08061,HMDB01999,CHEBI:28364
Eicosenoate (20:1N9 Or 1N11),5282768,C16526,HMDB02231,CHEBI:32425
Epinephrine,5816,D00095,HMDB00068,CHEBI:28918
Ergothioneine,3032311,C05570,HMDB03045,CHEBI:4828
Erucate (22:1N9),8216,C08316,HMDB02068,CHEBI:28792
Erythritol,222285,D08915,HMDB02994,CHEBI:17113
Erythronate*,2781043,NA,HMDB00613,CHEBI:37655
Ethanolamine,700,C00189,HMDB00149,CHEBI:16000
Fad,643975,C00016,HMDB01248,CHEBI:16238
Fructose,439163,C02336,HMDB00660,CHEBI:48095
Fructose 1-Phosphate,65246,C01094,HMDB01076,CHEBI:18105
Fructose -6P  (F6P ),69507,C05345,HMDB00124,CHEBI:16084
Fucose,17106,C02095,HMDB03081,CHEBI:48204
Fumarate,21883788,C00122,HMDB00134,CHEBI:22958
Gabapentin,6919078,D00332,HMDB05015,CHEBI:42797
Galactose,439357,C00984,HMDB00143,CHEBI:17118
Gamma-Aminobutyrate (Gaba),NA,NA,NA,NA
Gamma-Glutamylcysteine,123938,C00669,HMDB01049,CHEBI:17515
Gamma-Glutamylglutamate,92865,C05282,HMDB11737,CHEBI:73705
Gamma-Glutamylglutamine,150914,C05283,HMDB11738,CHEBI:73707
Gamma-Glutamylisoleucine*,14253342,NA,HMDB11170,NA
Gamma-Glutamylleucine,151023,NA,HMDB11171,CHEBI:68433
Gamma-Glutamylphenylalanine,111299,NA,HMDB00594,NA
Gamma-Glutamylvaline,5317736,NA,HMDB11172,NA
Gamma-Tocopherol,92729,D02332,HMDB01492,CHEBI:18185
Glucarate (Saccharate),33037,C00818,HMDB00663,CHEBI:16002
Gluconate,10690,C00257,HMDB00625,CHEBI:33198
Glucose,79025,C00293,HMDB00122,CHEBI:4167
Glucose-1-Phosphate,65533,C00103,HMDB01586,CHEBI:16077
Glucose-6-Phosphate (G6P),439284,C00668,HMDB01401,CHEBI:4170
Glucuronate,444791,C00191,HMDB00127,CHEBI:47952
Glutamate,44272391,C00025,HMDB03339,CHEBI:16015
"Glutamate, Gamma-Methyl Ester",73913,NA,NA,NA
Glutamine,69,D00015,HMDB00641,CHEBI:18050
Glutarate (Pentanedioate),4418048,C00489,HMDB00661,CHEBI:17859
Glutaroylcarnitine (C5),53481622,NA,HMDB13130,NA
"Glutathione, Oxidized (Gssg)",911,C00127,HMDB03337,CHEBI:17858
Glutathione (G S H ),25246407,C00051,HMDB00125,CHEBI:16856
Glycerate,752,C00258,HMDB00139,CHEBI:32398
Glycerol,753,D00028,HMDB00131,CHEBI:15850
Glycerol 2-Phosphate,2526,D01488,HMDB02520,CHEBI:17270
Glycerol-3-Phosphate (G3P),439162,C00093,HMDB00126,CHEBI:17106
Glycerophosphoethanolamine,25200464,C01233,HMDB00114,CHEBI:71839
Glycerophosphorylcholine (Gpc),439285,D07349,HMDB00086,CHEBI:67068
Glycine,750,D00011,HMDB00123,CHEBI:66884
Glycocholenate Sulfate*,NA,NA,NA,NA
Glycolate,757,C03547,HMDB00115,CHEBI:17893
Glycolithocholate Sulfate*,53477756,C11301,HMDB02639,CHEBI:9347
Glycylglycine,154,C02037,HMDB11733,CHEBI:17201
Glycylisoleucine,NA,NA,NA,NA
Glycylleucine,92843,C02155,HMDB00759,CHEBI:73514
Glycyllysine,306144,NA,NA,NA
Glycylmethionine,96757,NA,NA,NA
Glycylphenylalanine,NA,NA,NA,NA
Glycylproline,256,NA,HMDB00721,NA
Glycylthreonine,351980,NA,NA,NA
Glycyltryptophan,NA,NA,NA,NA
Glycyltyrosine,NA,NA,NA,NA
Glycylvaline,NA,NA,NA,NA
Guanidoacetic Acid,484,C00581,HMDB00128,CHEBI:16344
Guanine,764,C00242,HMDB00132,CHEBI:16235
Guanosine,6802,C00387,HMDB00133,CHEBI:16750
Guanosine 5'- Monophosphate (5'-Gmp),761,NA,NA,NA
"Gulono-1,4-Lactone",439373,C01040,HMDB03466,CHEBI:17587
Heme*,NA,C00032,HMDB03178,CHEBI:26355
Hexanoylcarnitine (C6),6426853,C01585,HMDB00535,CHEBI:30776
Hippurate (Benzoylglycine),464,C01586,HMDB00714,CHEBI:18089
Histamine,774,D08040,HMDB00870,CHEBI:73337
Histidine,733,C00135,HMDB00177,CHEBI:57595
Histidylleucine,NA,NA,NA,NA
Histidylmethionine,NA,NA,NA,NA
Histidylphenylalanine,4466133,NA,NA,NA
Histidyltryptophan,6539217,NA,NA,NA
Histidyltyrosine,435685,NA,NA,NA
Homocysteine,91552,C00155,HMDB00742,CHEBI:58065
Hom Oserine,6971022,C00263,HMDB00719,CHEBI:57476
Homostachydrine*,4479243,C08283,NA,CHEBI:5757
Hydantoin-5-Propionic Acid,NA,C05565,HMDB01212,CHEBI:28297
Hydrochlorothiazide,3639,D00340,HMDB01928,NA
Hypotaurine,25244088,C00519,HMDB00965,CHEBI:16668
Hypoxanthine,790,C00262,HMDB00157,CHEBI:17368
Imidazole Propionate,70630,NA,HMDB02271,CHEBI:73087
Indoleacetate,802,C00954,HMDB00197,CHEBI:16411
Indolelactate,92904,C02043,HMDB00671,CHEBI:24813
Inosine,6021,C00294,HMDB00195,CHEBI:17596
Im P,NA,C04006,HMDB02985,CHEBI:18297
"Isobar: Fructose 1,6-Diphosphate, Glucose 1,6-Diphosphate, Myo-Inositol 1,4 Or 1,3-Diphosphate",NA,NA,NA,NA
"Isobar: Ribulose 5-Phosphate, Xylulose 5-Phosphate",NA,NA,NA,NA
Isobutyrylcarnitine,10177002,NA,HMDB00736,CHEBI:73017
Isoleucine,6306,D00065,HMDB00172,CHEBI:58045
Isoleucylalanine,NA,NA,NA,NA
Isoleucylarginine,9900561,NA,NA,NA
Isoleucylglutamate,NA,NA,NA,NA
Isoleucylglycine,342532,NA,NA,NA
Isoleucylhistidine,NA,NA,NA,NA
Isoleucylisoleucine,NA,NA,NA,NA
Isoleucylmethionine,NA,NA,NA,NA
Isoleucylphenylalanine,435728,NA,NA,NA
Isoleucylserine,NA,NA,NA,NA
Isoleucyltryptophan,9797038,NA,NA,NA
Isoleucyltyrosine,342468,NA,NA,NA
Isoleucylvaline,NA,NA,NA,NA
Isovalerylcarnitine (C5),6426851,NA,HMDB00688,NA
Kynurenine,161166,C00328,HMDB00684,CHEBI:57959
Lactate,612,C00186,HMDB00190,CHEBI:422
Lauric Acid,3893,C02679,HMDB00638,CHEBI:30805
Laurylcarnitine,10427569,NA,HMDB02250,CHEBI:73054
Leucine,7045798,C00123,HMDB00687,CHEBI:15603
Leucylalanine,259321,NA,NA,NA
Leucylarginine,3800205,NA,NA,NA
Leucylasparagine,4128305,NA,NA,NA
Leucylglutamate,NA,NA,NA,NA
Leucylglycine,79070,NA,NA,NA
Leucylhistidine,341684,NA,NA,NA
Leucylleucine,94244,C11332,NA,NA
Leucylmethionine,118276,NA,NA,NA
Leucylphenylalanine,259325,NA,HMDB13243,NA
Leucylserine,3621685,NA,NA,NA
Leucyltryptophan,329275,NA,NA,NA
Leucyltyrosine,273262,NA,NA,NA
Lidocaine,3676,D04052,NA,CHEBI:6456
Linoleate (18:2N6),5280450,C01595,HMDB00673,CHEBI:17351
Linolenate (18:3N3 Or 3N6),5280934,C06427,HMDB01388,CHEBI:27432
Lipitor,15378998,D00887,HMDB05006,CHEBI:50686
L-Urobilin,5280818,C05793,HMDB04159,NA
Lysine,5962,D02304,HMDB00182,CHEBI:18019
Lysylleucine,4682588,NA,NA,NA
Lysyllysine,4293571,NA,NA,NA
Lysylmethionine,NA,NA,NA,NA
Lysyltyrosine,NA,NA,NA,NA
M Alate (M Al),222656,C00149,HMDB00156,CHEBI:30797
Malonylcarnitine,22833583,NA,HMDB02095,NA
Maltohexaose,439606,C01936,HMDB12253,CHEBI:61953
Maltopentaose,440949,C06218,HMDB12254,CHEBI:61952
Maltose,439341,C00208,HMDB00163,CHEBI:47937
Maltotetraose,439639,C02052,HMDB01296,CHEBI:61988
Maltotriose,439586,C01835,HMDB01262,NA
Mannose,161658,C00159,HMDB00169,CHEBI:4208
Mannose-6-Phosphate,65127,C00275,HMDB01078,CHEBI:48066
Heptadecanoate (Margarate; 17:0),10465,NA,HMDB02259,CHEBI:32365
Metformin,4091,C07151,HMDB01921,CHEBI:6801
M Ethionine,6992087,D00019,HMDB00696,CHEBI:16643
Methionylalanine,NA,NA,NA,NA
Methionylasparagine,333467,NA,NA,NA
Methionylaspartate,NA,NA,NA,NA
Methionylglutamate,NA,NA,NA,NA
Methionylglycine,259185,NA,NA,NA
Methionylleucine,3425788,NA,NA,NA
Methionylphenylalanine,100048,NA,NA,NA
Methyl-Alpha-Glucopyranoside,94214,C03619,NA,CHEBI:320061
Methylphosphate,13130,NA,NA,CHEBI:340824
Metoprolol,4171,D02358,HMDB01932,CHEBI:6904
Metoprolol Acid Metabolite*,62936,NA,NA,NA
Myo-Inositol,NA,D08079,HMDB00211,CHEBI:17268
Myristate (14:0),11005,C06424,HMDB00806,CHEBI:28875
Myristoleate (14:1N5),5281119,C08322,HMDB02000,CHEBI:27781
Myristoylcarnitine,6426854,NA,NA,CHEBI:73061
N1-Methyl-2-Pyridone-5-Carboxamide,69698,C05842,HMDB04193,CHEBI:27410
N1-Methyladenosine,27476,C02494,HMDB03331,CHEBI:72817
N1-Methylguanosine,96373,NA,HMDB01563,CHEBI:19062
"N2,N2-Dimethylguanosine",92919,NA,HMDB04824,CHEBI:19289
N2-Acetyllysine,92907,C12989,HMDB00446,CHEBI:61512
N2-Methylguanosine,3035422,NA,HMDB05862,CHEBI:19702
N6-Acetyllysine,92832,C02727,HMDB00206,CHEBI:58260
N6-Carbamoylthreonyladenosine,NA,NA,NA,NA
N-6-Trimethyllysine,159659,C03793,HMDB01325,NA
N-Acetylalanine,88064,C02847,HMDB00766,CHEBI:40992
N-Acetylarginine,67427,C02562,HMDB04620,CHEBI:40521
N-Acetylasparagine,99715,NA,HMDB06028,NA
N-Acetylaspartate (Naa),65065,C01042,HMDB00812,CHEBI:21547
N-Acetyl-Aspartyl-Glutamate (Naag),5255,C12270,HMDB01067,NA
N-Acetylglucosamine,24139,C03878,HMDB00215,CHEBI:17029
N-Acetylglucosamine 6-Phosphate,10040501,C00357,HMDB02817,CHEBI:15784
N-Acetylglutamine,25561,C02716,HMDB06029,CHEBI:73685
N-Acetylglycine,10972,NA,HMDB00532,CHEBI:40410
N-Acetylisoleucine,2802421,NA,NA,NA
N-Acetylleucine,70912,C02710,HMDB11756,CHEBI:17786
N-Acetylmethionine,6180,C02712,HMDB11745,CHEBI:21557
N-Acetylneuraminate,439197,C00270,HMDB00230,CHEBI:45744
N-Acetylornithine,439232,C00437,HMDB03357,CHEBI:57805
N-Acetylphenylalanine,74839,C03519,HMDB00512,CHEBI:16259
N-Acetylserine,65249,NA,HMDB02931,NA
N-Acetylthreonine,439406,C01118,NA,CHEBI:16160
N-Acetyltryptophan,439917,C03137,NA,CHEBI:16734
N-Acetyltyrosine,68310,NA,HMDB00866,CHEBI:21563
N-Acetyl Valine,227752,NA,HMDB11757,NA
Naproxen,156391,D00118,D00118,CHEBI:7476
Nervonate (24:1N9),5281120,C08323,HMDB02368,CHEBI:44247
Nicotinamide,936,C00153,HMDB01406,CHEBI:17154
Nicotinamide Adenine Dinucleotide (Nad+),5893,D00002,HMDB00902,CHEBI:15846
Nicotinamide Adenine Dinucleotide Reduced (Nadh),24720907,C00004,HMDB01487,CHEBI:16908
Nicotinamide Ribonucleotide (Nmn),14180,C00455,HMDB00229,CHEBI:16171
Nicotinamide Riboside*,439924,C03150,HMDB00855,CHEBI:15927
Nicotinate,938,C00253,HMDB01488,CHEBI:15940
Nicotinate Adenine Dinucleotide (Naad+),165491,C00857,HMDB01179,CHEBI:18304
N-Methylglutamate,439377,C01046,NA,CHEBI:16440
Octanoylcarnitine,123702,C02838,HMDB00791,CHEBI:73039
Oleic Acid,445639,C00712,HMDB00573,CHEBI:16196
Oleoylcarnitine,53477789,NA,HMDB05065,NA
Opthalmate,7018721,NA,HMDB05765,NA
Ornithine,6262,C00515,HMDB03374,CHEBI:16176
P-Acetamidophenylglucuronide,4022661,NA,HMDB10316,CHEBI:32636
Palmitic Acid,985,D05341,HMDB00220,CHEBI:15756
Palmitoleate (16:1N7),445638,C08362,HMDB03229,CHEBI:28716
Palmitoyl Sphingomyelin,9939941,NA,NA,NA
Palmitoylcarnitine,462,C02990,HMDB00222,NA
Pantothenic Acid,988,D07413,HMDB00210,CHEBI:46905
Paroxetine,43815,D02362,NA,CHEBI:7936
P-Cresol Sulfate,4615422,C01468,HMDB01858,CHEBI:17847
Pelargonate (9:0),8158,C01601,HMDB00847,CHEBI:29019
Penicillin G,5904,D02336,NA,CHEBI:18208
Pentadecanoate (15:0),13849,C16537,HMDB00826,CHEBI:42504
Phenol Red,4766,C12600,NA,CHEBI:31991
Phenol Sulfate,74426,C00850,NA,CHEBI:27905
Phenylacetylglutamine,92258,C05597,HMDB06344,CHEBI:8087
Phenylalanine,6925665,D00021,HMDB00159,CHEBI:17295
Phenylalanylalanine,NA,NA,NA,NA
Phenylalanylarginine,10268029,NA,NA,NA
Phenylalanylaspartate,335051,NA,NA,NA
Phenylalanylglutamate,4422358,NA,NA,NA
Phenylalanylglycine,98207,NA,NA,NA
Phenylalanylleucine,4078229,NA,NA,NA
Phenylalanylmethionine,NA,NA,NA,NA
Phenylalanylphenylalanine,NA,NA,NA,NA
Phenylalanylproline,4069131,NA,HMDB11177,NA
Phenylalanylserine,9859812,NA,NA,NA
Phenylalanyltryptophan,NA,NA,NA,NA
Phenylalanyltyrosine,NA,NA,NA,NA
Phenylalanylvaline,4096934,NA,NA,NA
Phosphate,11128397,D05467,HMDB02142,CHEBI:18367
Phosphoenolpyruvate (Pep),59658623,C00074,HMDB00263,CHEBI:44897
Phosphoethanolamine (Pe),5232324,C00346,HMDB00224,CHEBI:17553
Phytosphingosine,122121,C12144,HMDB04610,CHEBI:46961
Pipecolate,849,C00408,HMDB00716,CHEBI:61185
Piperine,638024,C03882,NA,CHEBI:28821
Pivaloylcarnitine,126894,NA,NA,NA
Pregnanediol-3-Glucuronide,123796,NA,HMDB10318,NA
Pregnen-Diol Disulfate*,3032822,C05484,HMDB04025,NA
Pro-Hydroxy-Pro,11902893,NA,HMDB06695,CHEBI:74767
Proline,6971047,C00148,HMDB00162,CHEBI:17203
Prolylglycine,NA,NA,NA,NA
Prolylmethionine,NA,NA,NA,NA
Propionylcarnitine (C3),107738,C03017,HMDB00824,CHEBI:28867
Prostaglandin A2,22833602,C05953,HMDB02752,CHEBI:27820
Prostaglandin E2,5280360,C00584,HMDB01220,CHEBI:15551
Pseudouridine,15047,C02067,HMDB00767,CHEBI:17802
Putrescine,1045,C02896,HMDB01414,CHEBI:17148
Pyridoxal,1050,C00250,HMDB01545,CHEBI:17310
Pyridoxate,54718174,C00847,HMDB00017,CHEBI:30959
Pyroglutamine*,134508,NA,NA,NA
Pyrophosphate (Ppi),1023,C00013,HMDB00250,CHEBI:18361
Quebrachitol,NA,C08257,NA,NA
Quinate,NA,C00296,HMDB03072,CHEBI:17521
Quinidine,3036746,NA,NA,NA
Quinolinate,1066,C03722,HMDB00232,CHEBI:16675
Ranitidine,3001055,D00422,HMDB01930,CHEBI:8776
Ribitol,NA,C00474,HMDB00508,CHEBI:15963
Riboflavin (Vitamin B2),493570,D00050,HMDB00244,CHEBI:17015
Ribose,5779,C00121,HMDB00283,CHEBI:47013
Ribulose,151261,C00309,HMDB00621,CHEBI:17173
Saccharopine,160556,C00449,HMDB00279,CHEBI:16927
S -Adenosylhom Ocysteine (S A H ),25246222,C00021,HMDB00939,CHEBI:57856
S-Adenosylmethionine,25791610,C00019,HMDB01185,CHEBI:67040
Salicylate,338,D00097,HMDB01895,CHEBI:16914
Sarcosine,7311726,C00213,HMDB00271,CHEBI:57433
Scyllo-Inositol,NA,C06153,HMDB06088,CHEBI:23927
Sedoheptulose-7P  (S 7P ),165007,C05382,HMDB01068,CHEBI:15721
Serine,6857549,D00016,HMDB00187,CHEBI:16523
Serylisoleucine*,NA,NA,NA,NA
Serylleucine,NA,NA,NA,NA
Serylphenyalanine,NA,NA,NA,NA
Serylvaline,NA,NA,NA,NA
Methylcysteine,424,NA,HMDB02108,CHEBI:45658
Sorbitol,107428,D00096,HMDB00247,CHEBI:13022
Sorbitol 6-Phosphate,618,C01096,HMDB05831,CHEBI:17044
Spermidine,1102,C00315,HMDB01257,CHEBI:16610
Spermine,1103,C00750,HMDB01256,CHEBI:15746
Sphinganine,91486,C00836,HMDB00269,CHEBI:16566
Sphingosine,5353955,C00319,HMDB00252,CHEBI:26743
Squalene,11975273,C00751,HMDB00256,CHEBI:15440
Stachydrine,115244,C10172,HMDB04827,CHEBI:35280
Stearate (18:0),5281,C01530,HMDB00827,CHEBI:28842
Stearidonate (18:4N3),5312508,C16300,HMDB06547,CHEBI:32389
Stearoylcarnitine,6426855,NA,HMDB00848,CHEBI:73074
Streptomycin,5999,NA,NA,NA
Succinate (S Uc),1110,C00042,HMDB00254,CHEBI:15741
Succinylcarnitine,nan,NA,NA,NA
Tartarate,444305,C00898,HMDB00956,CHEBI:15671
Taurine,4068592,C00245,HMDB00251,CHEBI:15891
Testosterone,6013,D00075,HMDB00234,CHEBI:17347
Theobromine,5429,C07480,HMDB02825,CHEBI:28946
Threitol,169019,C16884,HMDB04136,CHEBI:48300
Threonate,151152,C01620,HMDB00943,CHEBI:49059
Threonine,6288,D00041,HMDB00167,CHEBI:57926
Threonylglutamate,NA,NA,NA,NA
Threonylleucine,4420322,NA,NA,NA
Threonylmethionine,NA,NA,NA,NA
Threonylphenylalanine,NA,NA,NA,NA
Threonylvaline,NA,NA,NA,NA
Thymidine,5789,C00214,HMDB00273,CHEBI:17748
Thymine,1135,C00178,HMDB00262,CHEBI:17821
Hydroxyproline,6971053,C01157,HMDB00725,CHEBI:18095
Trans-Urocanate,736715,C00785,HMDB00301,CHEBI:30817
Triethyleneglycol,NA,NA,NA,NA
Trigonelline (N'-Methylnicotinate),5570,C01004,HMDB00875,CHEBI:18123
Tryptophan,6305,D00020,HMDB00929,CHEBI:57912
Tryptophan Betaine,442106,C09213,NA,NA
Tryptophylasparagine,NA,NA,NA,NA
Tryptophylglutamate,3634442,NA,NA,NA
Tryptophylleucine,323786,NA,NA,NA
Tyrosine,100,D00022,HMDB00158,CHEBI:17895
Tyrosylalanine,NA,NA,NA,NA
Tyrosylglutamine,NA,NA,NA,NA
Tyrosylglycine,259323,NA,NA,NA
Tyrosylhistidine,NA,NA,NA,NA
Tyrosylleucine,NA,NA,NA,NA
Tyrosyllysine,NA,NA,NA,NA
Tyrosylphenylalanine,44369253,NA,NA,NA
Tyrosyltyrosine,23276573,NA,NA,CHEBI:60987
Tyrosylvaline,NA,NA,NA,NA
Undecanedioate,15816,NA,HMDB00888,CHEBI:73713
Uracil,1174,D00027,HMDB00300,CHEBI:17568
Uric Acid,1175,C00366,HMDB00289,CHEBI:46814
Urea,1176,D00023,HMDB00294,CHEBI:48376
Uridine,6029,C00299,HMDB00296,CHEBI:16704
Uridine Monophosphate (5' Or 3'),NA,NA,NA,NA
Valerylcarnitine (C5),6426903,nan,HMDB13128,nan
Valine,6287,C00183,HMDB00883,CHEBI:16414
Valylalanine,44369285,NA,NA,NA
Valylarginine,4266827,NA,NA,NA
Valylasparagine,NA,NA,NA,NA
Valylaspartate,9964657,NA,NA,NA
Valylglutamate,7009623,NA,NA,CHEBI:75011
Valylglutamine,5253209,NA,NA,NA
Valylglycine,136487,NA,NA,NA
Valylhistidine,NA,NA,NA,NA
Valylisoleucine,NA,NA,NA,NA
Valylleucine,352039,NA,NA,NA
Valyllysine,5253210,NA,NA,NA
Valylmethionine,292427,NA,NA,NA
Valylphenylalanine,NA,NA,NA,NA
Valylserine,139506,NA,NA,NA
Valyltryptophan,3360287,NA,NA,NA
Valyltyrosine,44369269,NA,NA,NA
Valylvaline,NA,NA,NA,NA
Vanillylmandelate (Vma),736172,C05584,HMDB00291,CHEBI:20106
Venlafaxine,5656,D08670,HMDB05016,CHEBI:9943
Vgahageygaealer*,NA,NA,NA,NA
Xanthine,1188,C00385,HMDB00292,CHEBI:48517
Xanthosine,64959,C01762,HMDB00299,CHEBI:18107
Xylitol,6912,D00061,HMDB02917,CHEBI:17151
Xylonate,6602431,C00502,nan,CHEBI:48092
Xylose,95259,D06346,NA,CHEBI:17979
Xylulose,5289590,C00310,HMDB01644,CHEBI:17140
Methylnicotinamide,457,C02918,HMDB00699,CHEBI:16797
2'-O-Methylguanosine,NA,C04545,NA,NA
2-Hydroxystearate,439887,C03045,NA,CHEBI:18129
2-Methylmalonyl Carnitine,NA,NA,NA,NA
2-Palmitoleoylglycerophosphoethanolamine*,NA,NA,NA,NA
3-Methyl-2-Oxobutyrate,NA,NA,NA,NA
3-Phenylpropionate (Hydrocinnamate),107,C05629,HMDB00764,CHEBI:28631
4-Hydroxyphenylpyruvate,979,C01179,HMDB00707,CHEBI:15999
4-Octenedioate,11805205,NA,HMDB04982,NA
"5Alpha-Pregnan-3Beta,20Alpha-Diol Disulfate",NA,NA,NA,NA
Adenosine 5'Diphosphoribose,4475880,C00301,HMDB01178,NA
Adsgegdfxaegggvr*,NA,NA,NA,NA
Alanylhistidine,NA,NA,NA,NA
Alpha-Ketoglutarate,51,C00026,HMDB00208,CHEBI:30915
Andro Steroid Monosulfate 1*,NA,NA,NA,NA
Andro Steroid Monosulfate 2*,NA,NA,NA,NA
Behenate (22:0),8215,C08281,HMDB00944,CHEBI:28941
"Conjugated Linoleate (18:2N7; 9Z,11E)",5351472,C04056,HMDB05048,CHEBI:36025
Cystathionine,25243997,C02291,HMDB00099,CHEBI:58161
Dehydroisoandrosterone Sulfate (Dhea-S),12594,C04555,HMDB01032,CHEBI:16814
Desmethylnaproxen Sulfate*,NA,NA,NA,NA
Epiandrosterone Sulfate,441302,C07635,NA,CHEBI:541975
Fluoxitine,3386,D00326,NA,CHEBI:5118
Folate,6037,D00070,HMDB00121,CHEBI:27470
Gamma-Glutamylalanine,440103,NA,NA,NA
Gamma-Glutamylmethionine*,NA,NA,NA,NA
Gamma-Glutamyltyrosine,94340,NA,NA,NA
Glycochenodeoxycholate,12544,C05466,HMDB00637,CHEBI:36274
Glycocholate,10140,C01921,HMDB00138,CHEBI:17687
Glycodeoxycholate,22833539,C05464,HMDB00631,CHEBI:27471
Homocarnosine,10243361,C00884,HMDB00745,NA
Hydroxyisovaleroyl Carnitine,NA,NA,NA,NA
Ibuprofen,3672,D00126,HMDB01925,CHEBI:5855
"Isobar: Fructose 1,6-Diphosphate, Glucose 1,6-Diphosphate",NA,NA,NA,NA
Malonate (Propanedioate),867,C04025,HMDB00691,CHEBI:30794
Mannitol,6251,D00062,HMDB00765,CHEBI:16899
Methionine Sulfoxide,158980,C02989,HMDB02005,CHEBI:49033
Methyl-4-Hydroxybenzoate,7456,D02458,NA,NA
N-Acetylmannosamine,439174,C02711,HMDB00835,CHEBI:28401
N-Ethylglycinexylidide*,24415,C16561,NA,CHEBI:222828
N-Formylmethionine,439750,C03145,HMDB01015,CHEBI:16552
Phenylacetylglycine,68144,C05598,HMDB00821,CHEBI:27480
Phenyllactate (Pla),643327,C05607,HMDB00748,CHEBI:32978
Phenylpyruvate,997,C00166,HMDB00205,CHEBI:30851
Pregn Steroid Monosulfate*,NA,NA,NA,NA
Pyridoxine (Vitamin B6),1054,D08454,HMDB00239,CHEBI:16709
Pyroglutamylvaline,152416,NA,NA,NA
Pyruvate,107735,C00022,HMDB00243,CHEBI:32816
Sebacate (Decanedioate),5192,C08277,HMDB00792,CHEBI:41865
Stearoyl Sphingomyelin,NA,NA,NA,NA
Suberylglycine,6453952,NA,HMDB00953,NA
Taurochenodeoxycholate,387316,C05465,HMDB00951,CHEBI:16525
Taurocholate,440567,C05122,HMDB00036,NA
Taurolithocholate 3-Sulfate,440071,C03642,HMDB02580,CHEBI:17864
Thymol Sulfate,6989,C09908,HMDB01878,CHEBI:27607
Udp-Glucuronate,17473,C00167,HMDB00935,CHEBI:17200
Ursodeoxycholate,31401,D00734,HMDB00946,CHEBI:9907
"1,7-Dimethylxanthine",NA,NA,NA,NA
1-Methyl-L-Tryptophan,NA,NA,NA,NA
2-Hydroxy Caprylic Acid,NA,NA,NA,NA
3-Deoxyguanosine,NA,NA,NA,NA
3-Hydroxy-2-Methylvalerate,NA,NA,NA,NA
3-Hydroxy-3-Methyl-Glutaric Acid,NA,NA,NA,NA
3-Hydroxykynurenine,NA,NA,NA,NA
4-Hydroxy Phenyllacticacid,NA,NA,NA,NA
5-Hydroxyindoleaceticacid,NA,NA,NA,NA
5-Hydroxytryptophan,NA,NA,NA,NA
Allose,NA,NA,NA,NA
Alpha-Hydroxyisobutyric Acid,NA,NA,NA,NA
Aminobutyric Acid,NA,NA,NA,NA
B-Hydroxyisovaleric Acid,NA,NA,NA,NA
Caffeine,2519,C07481,HMDB01847,CHEBI:27732
Cinnamic Acid,NA,NA,NA,NA
Citramalic Acid,NA,NA,NA,NA
Coumarin,NA,NA,NA,NA
Dl-3-Phenyllactic Acid,NA,NA,NA,NA
Dl-Indole-3-Lactic Acid (3-Indolelactic Acid),NA,NA,NA,NA
Glutamine Or Lysine Or Glutamic Acid,NA,NA,NA,NA
Glyceraldehyde-3-Phosphate,729,C00661,NA,CHEBI:17138
Isobutyryl Carnitine,NA,NA,NA,NA
Ketoleucine,NA,NA,NA,NA
Kynurenic Acid,NA,NA,NA,NA
N12-Acetylthermospermidine,NA,NA,NA,NA
N1-Acetylspermine,NA,NA,NA,NA
Nonanedioic Acid,NA,NA,NA,NA
Norepinephrine (Noradrenaline),NA,NA,NA,NA
O-Succinyl-L-Homoserine,NA,NA,NA,NA
Phthalic Acid Mono-2-Ethylhexyl Ester,NA,NA,NA,NA
Pyroglutamic Acid,NA,NA,NA,NA
Suberic Acid,NA,NA,NA,NA
Theophylline,NA,NA,NA,NA
Trans-4 Hydroxytamoxifen,NA,NA,NA,NA
Urocanic Acid,NA,NA,NA,NA
Vidarabine,NA,NA,NA,NA
1-Eicosatrienoylglycerophosphocholine*,NA,NA,NA,NA
1-Octadecanol,NA,NA,NA,NA
13-Methylmyristic Acid,151014,NA,NA,NA
2-Arachidonoylglycerophosphoinositol*,NA,NA,NA,NA
2-Oleoylglycerophosphoinositol*,NA,NA,NA,NA
3-Phosphoglycerate (Isobar With 2-Phosphoglycerate),NA,NA,NA,NA
4-Acetamidobutanoate,18189,C02946,HMDB03681,CHEBI:17645
4-Ethylphenylsulfate,NA,NA,NA,NA
4-Nitrophenol,NA,NA,NA,NA
Acetyl Coa,NA,NA,NA,NA
"Adenosine 3',5'-Cyclic Monophosphate (Camp)",NA,NA,NA,NA
Adp,6022,C00008,HMDB01341,CHEBI:16761
Aica Ribonucleotide,NA,NA,NA,NA
Assymetric Dimethylarginine (Adma),123831,C03626,HMDB03334,CHEBI:17929
Beta-Hydroxyisovalerate,69362,NA,HMDB00754,CHEBI:37084
Carnosine,439224,C00386,HMDB00033,CHEBI:57485
Cis-Urocanate,NA,NA,NA,NA
Coenzyme A,6816,C00010,HMDB01423,CHEBI:62204
Coproporphyrin I,NA,NA,NA,NA
Cytidine-5'-Diphosphoethanolamine,NA,NA,NA,NA
Delta-Tocopherol,NA,NA,NA,NA
Deoxycholate,222528,C04483,HMDB00626,CHEBI:28834
Gamma-Glutamylmethionine,NA,NA,NA,NA
Glutaroyl Carnitine,NA,NA,NA,NA
Heptaethylene Glycol,79718,NA,NA,NA
Heptanoate (7:0),8094,C17714,HMDB00666,CHEBI:45571
Hexaethylene Glycol,17472,NA,NA,NA
Inosine 5'-Monophosphate (Imp),NA,NA,NA,NA
"Isobar: Udp-Acetylglucosamine, Udp-Acetylgalactosamine",NA,NA,NA,NA
Isoleucylglutamine,NA,NA,NA,NA
Lathosterol,NA,NA,NA,NA
Mead Acid (20:3N9),5312531,NA,HMDB10378,CHEBI:72865
Methionylthreonine,NA,NA,NA,NA
Methionylvaline,NA,NA,NA,NA
Nonadecanoate (19:0),12591,C16535,HMDB00772,CHEBI:39246
Paraxanthine,4687,C13747,HMDB01860,CHEBI:25858
Pentaethylene Glycol,62551,NA,NA,NA
Phenolphthalein Beta-D-Glucuronide,NA,NA,NA,NA
Pseudoephedrine,NA,NA,NA,NA
S-Lactoylglutathione,1083,C03451,HMDB01066,CHEBI:15694
S-Methylglutathione,NA,NA,NA,NA
Tetraethylene Glycol,8200,NA,NA,NA
Thiamin Diphosphate,NA,NA,NA,NA
Thymidine 5'-Monophosphate,NA,NA,NA,NA
Tiglyl Carnitine,22833596,NA,HMDB02366,CHEBI:71179
Udp-Glucose (Isobar With Udp-Galactose),NA,NA,NA,NA
Uridine 5'-Triphosphate (Utp),NA,NA,NA,NA
Valerate,NA,NA,NA,NA
2-Oxoisopentanoate,49,C00141,HMDB00019,CHEBI:16530
"2,3-Diphosphoglycerate",NA,NA,NA,NA
"3,4-Dihydroxyphenylalanine (D O P A )",6971033,C00355,HMDB00181,CHEBI:15765
Acetyl C Oa,10238,C00224,HMDB01003,CHEBI:17709
Anthranilate,227,C00108,HMDB01123,CHEBI:30754
Atp,5957,D08646,HMDB00538,CHEBI:15422
Ca M P,6076,C00575,HMDB00058,CHEBI:17489
Cdp,6132,C00112,HMDB01546,CHEBI:17239
Cg M P,24316,C00942,HMDB01314,CHEBI:16356
Coa,444493,NA,HMDB01206,CHEBI:15351
Ctp,6176,C00063,HMDB00082,CHEBI:17677
Cysteinesulfinate,NA,NA,NA,NA
Cytosine,597,C00380,HMDB00630,CHEBI:16040
Da Tp,15993,C00131,HMDB01532,CHEBI:16284
Dc Tp,65091,C00458,HMDB00998,CHEBI:16311
Dihydroxyacetone Phosphate,668,C00111,HMDB01473,CHEBI:16108
Dtd P,164628,C00363,HMDB01274,CHEBI:18075
Dtmp,9700,C00364,HMDB01227,CHEBI:17013
Dttp,64968,C00459,HMDB01342,CHEBI:18077
Erythrose-4P  (E4P ),122357,C00279,HMDB01321,CHEBI:48153
"Fructose-1,6D P  (F1,6D P )",10267,C05378,NA,CHEBI:28013
Gdp,8977,C00035,HMDB01201,CHEBI:17552
Glyoxylate,760,C00048,HMDB00119,CHEBI:53274
Gmp,6804,C00144,HMDB01397,CHEBI:17345
Gtp,6830,C00044,HMDB01273,CHEBI:15996
Isocitrate,5318532,C00451,HMDB01874,CHEBI:30887
M Alonyl C Oa,644066,C03188,NA,CHEBI:15531
Nadp+,5886,C00006,HMDB00217,CHEBI:18009
Nadph,5884,C00005,NA,CHEBI:16474
Prpp,7339,C00119,HMDB00280,CHEBI:17111
Ribose 5-Phosphate,53477706,C00117,HMDB01548,CHEBI:52742
Ribulose-5P  (R U5P ),439184,C00199,NA,CHEBI:17363
Succinyl C Oa  (Suc-C Oa ),92133,C00091,NA,CHEBI:15380
Tyramine,5610,C00483,HMDB00306,CHEBI:15760
Utp,6133,C00075,HMDB00285,CHEBI:15713
Gaba,6992099,D00058,HMDB00112,CHEBI:16865
1-Arachidonoyl-Gpi* (20:4)*,NA,NA,NA,NA
1-Palmitoleoyl-Gpc* (16:1)*,NA,NA,NA,NA
1-Palmitoyl-Gpi* (16:0)*,NA,NA,NA,NA
1-Stearoyl-Gpi (18:0),NA,NA,NA,NA
2-Arachidonoyl-Gpc* (20:4)*,NA,NA,NA,NA
2-Arachidonoyl-Gpe* (20:4)*,NA,NA,NA,NA
2-Docosahexaenoyl-Gpc* (22:6)*,NA,NA,NA,NA
2-Linoleoyl-Gpc* (18:2)*,NA,NA,NA,NA
2-Myristoyl-Gpc* (14:0)*,NA,NA,NA,NA
2-Myristoylglycerophosphoethanolamine*,NA,NA,NA,NA
2-Oleoyl-Gpc* (18:1)*,NA,NA,NA,NA
2-Oleoyl-Gpe* (18:1)*,NA,NA,NA,NA
2-Palmitoleoyl-Gpc* (16:1)*,NA,NA,NA,NA
2-Palmitoleoyl-Gpe* (16:1)*,NA,NA,NA,NA
2-Palmitoyl-Gpc* (16:0)*,NA,NA,NA,NA
2-Palmitoyl-Gpe* (16:0)*,NA,NA,NA,NA
3-Phosphoserine,68841,C01005,HMDB00272,CHEBI:15811
Acetylphosphate,186,C00227,HMDB01494,CHEBI:15350
Arabinose,439195,C00181,HMDB00646,CHEBI:53455
Betaine Aldehyde,249,C00576,HMDB01252,CHEBI:15710
"Carbamazepine 10,11-Epoxide*",2555,C07496,NA,NA
Carbamazepine*,2554,D00252,NA,CHEBI:3387
Cysteine Sulfinic Acid,439270,C00606,HMDB00996,CHEBI:16345
Cdp-Choline,NA,NA,NA,NA
Dehydroascorbate,440667,C05422,HMDB01264,CHEBI:27956
Dimethylallyl Pyrophosphate (Dmapp),647,C00235,HMDB01120,CHEBI:16057
Diphenhydramine,3100,D00520,NA,NA
Docosapentaenoate (N6 Dpa; 22:5N6),445580,C06429,HMDB02183,CHEBI:28125
Galactosylsphingosine,22833541,NA,HMDB00648,NA
Hydroxyisovaleroylcarnitine (C5),NA,NA,NA,NA
"Isobar: 2-Propylpentanoic Acid, 2-Ethylhexanoic Acid",NA,NA,NA,NA
Isobutyrylcarnitine (C4),NA,NA,NA,NA
Levulinate (4-Oxovalerate),11579,NA,HMDB00720,CHEBI:45630
Methyl Palmitate (15 Or 2),NA,NA,NA,NA
3-Methylglutaroylcarnitine (C6),128145,NA,HMDB00552,CHEBI:70857
N-Acetylglutamate,70914,C00624,HMDB01138,CHEBI:17533
N-Acetylhistidine,75619,C02997,NA,CHEBI:16437
Palmitoyl Ethanolamide,4671,NA,NA,NA
Palmitoylcarnitine (C16),461,NA,NA,NA
Sphingomyelin,6453725,C00550,HMDB01348,NA
Succinylcarnitine (C4),NA,NA,NA,NA
Sucrose,5988,C00089,HMDB00258,CHEBI:65313
Triethanolamine,7618,C06771,NA,CHEBI:28621
Trizma Acetate,8,C07182,NA,CHEBI:9754
Undecanoate (11:0),8180,C17715,HMDB00947,CHEBI:32368
"1,2-Dipalmitoylglycerol",99931,NA,HMDB07098,NA
"4-Androsten-3Beta,17Beta-Diol Disulfate 2*",NA,NA,NA,NA
5-Dodecenoate (12:1N7),6992101,C00431,HMDB00529,CHEBI:356010
Alpha-Hydroxyisocaproate,NA,NA,NA,NA
Biliverdin,5353439,C00500,HMDB01008,CHEBI:17033
Galactitol (Dulcitol),NA,NA,NA,NA
Lignocerate (24:0),NA,NA,NA,NA
Meprobamate*,NA,NA,NA,NA
Methylglutaroylcarnitine,NA,NA,NA,NA
N-Acetylputrescine,122356,C02714,HMDB02064,CHEBI:17768
O-Cresol Sulfate,NA,NA,NA,NA
Ofloxacin,NA,NA,NA,NA
Orotate,NA,NA,NA,NA
Oxamate,NA,NA,NA,NA
Phenylacetate,NA,NA,NA,NA
Progesterone,NA,NA,NA,NA
Saccharin,NA,NA,NA,NA
Taurocholenate Sulfate*,NA,NA,NA,NA
Thromboxane B2,5280890,C05963,HMDB03252,CHEBI:28728
Tricosanoate (23:0),NA,NA,NA,NA
2-Aminooctanoic Acid,69522,NA,HMDB00991,NA
2-Dehydro-D-Gluconate,6602434,C01218,NA,CHEBI:2229
Acetyl-Coa,6302,C00024,NA,NA
Adenosine 5'-Phosphosulfate,NA,NA,NA,NA
Adp-D-Glucose,16500,C00498,HMDB06557,CHEBI:15751
Allantoin,439714,C02350,NA,CHEBI:15678
Cdp-Ethanolamine,123727,C00570,HMDB01564,CHEBI:16732
Cholesteryl Sulfate,65076,C18043,HMDB00653,CHEBI:41321
Creatine Phosphate,9548602,C02305,HMDB01511,CHEBI:17287
Cytidine_Act,NA,NA,NA,NA
D-Glucono-Delta-Lactone-6-Phosphate,439452,C01236,HMDB01127,CHEBI:16938
D-Glucuronic Acid-Potential,NA,NA,NA,NA
D-Glyceraldehdye-3-Phosphate,NA,NA,NA,NA
D-Mannose/L-Sorbose-Potential-1,NA,NA,NA,NA
D-Sedoheptulose-1/7-Phosphate,NA,NA,NA,NA
Dgdp,NA,NA,NA,NA
Dgtp,65103,C00286,HMDB01440,CHEBI:16497
"Fructose-1,6-Bisphosphate",172313,C00354,NA,CHEBI:37736
Idp,6831,C00104,NA,CHEBI:17808
Imp,8582,C00130,HMDB00175,CHEBI:17202
Indole,798,C00463,HMDB00738,CHEBI:16881
Leucine/Isoleucine,NA,NA,NA,NA
N-Acetyl-Glucosamine-1-Phosphate,440364,C04501,NA,CHEBI:16446
Shikimate-3-Phosphate,121947,C03175,NA,CHEBI:17052
Trehalose/Sucrose,NA,NA,NA,NA
Uridine 5'-Diphosphate (Udp),6031,C00015,HMDB00295,CHEBI:17659
Udp-D-Glucose,8629,C00029,NA,CHEBI:52249
Udp-N-Acetyl-Glucosamine,445675,C00043,HMDB00290,CHEBI:16264
Ump,6030,C00105,HMDB00288,CHEBI:16695
1-Heptadecanoylglycerol (1-Monoheptadecanoin),107036,NA,NA,NA
1-Myristoylglycerol (1-Monomyristin),79050,NA,HMDB11561,NA
1-Pentadecanoylglycerol (1-Monopentadecanoin),190750,NA,NA,NA
17-Methylstearate,3083779,NA,NA,NA
2'-Deoxycytidine,13711,C00881,HMDB00014,CHEBI:15698
2'-Deoxycytidine 5'-Monophosphate,7058169,C00239,HMDB01202,CHEBI:15918
2-Myristoylglycerol (2-Monomyristin),137938,NA,NA,NA
2-Stearoylglycerol (2-Monostearin),79075,NA,NA,NA
2-Stearoylglycerophosphoinositol*,NA,NA,NA,NA
5-Hydroxyindoleacetate,15919788,C05635,HMDB00763,CHEBI:27823
"9,10-Hydroxyoctadec-12(Z)-Enoic Acid",9966640,C14828,HMDB04704,NA
"Adenosine-2',3'-Cyclic Monophosphate",2024,C02353,NA,CHEBI:27844
Chenodeoxycholate,10133,C02528,HMDB00518,CHEBI:16755
Decanoylcarnitine,10245190,C03299,HMDB00651,CHEBI:68830
Dexpanthenol,4678,C03726,HMDB04231,NA
Gamma-Glutamylthreonine*,NA,NA,NA,NA
Glycoursodeoxycholate,12310288,NA,HMDB00708,NA
Hexadecanedioate,10459,C19615,HMDB00672,NA
Homovanillate Sulfate,NA,NA,NA,NA
Isoleucylleucine,11644431,NA,NA,NA
Ketamine,3821,C07525,NA,CHEBI:6121
Kynurenate,3845,C01717,HMDB00715,CHEBI:18344
Lactobionate,7314,D03880,NA,NA
Leucylisoleucine,NA,NA,NA,NA
N(1)-Acetylspermine,916,C02567,HMDB01186,CHEBI:17312
N-Acetylcysteine,12035,C06809,HMDB01890,CHEBI:28939
"Palmitate, Methyl Ester",8181,C16995,NA,CHEBI:69187
Prolylleucine,082,NA,NA,NA
Raffinose,10542,C00492,HMDB03213,CHEBI:16634
Stearamide,31292,C13846,NA,NA
Taurodeoxycholate,440687,C05463,HMDB00896,CHEBI:9410
Tauroursodeoxycholate,12443252,NA,HMDB00874,NA
Tetradecanedioate,13185,NA,HMDB00872,NA
Thymidine 3'-Monophosphate,5463,NA,NA,NA
1-Docosahexaenoylglycerol (1-Monodocosahexaenoin),NA,NA,NA,NA
1-Methylhistamine,3614,C05127,HMDB00898,CHEBI:29009
1-Stearoylglycerophosphoglycerol,NA,NA,NA,NA
2-Ethylhexanoate (Isobar With 2-Propylpentanoate),NA,NA,NA,NA
8-Hydroxyoctanoate,69820,NA,HMDB00711,NA
Alpha-Glutamylvaline,433630,NA,NA,NA
Guanosine 3'-Monophosphate (3'-Gmp),3522,NA,NA,NA
Isovalerylglycine,546304,NA,HMDB00678,CHEBI:70984
Methyl Stearate,8201,NA,NA,NA
Prostaglandin D2,448457,C00696,HMDB01403,CHEBI:15555
1-Methyladenosine (1Ma),NA,NA,NA,NA
2'-Deoxyuridine-5'-Triphosphate (Dutp),NA,NA,NA,NA
"3,4-Dihydroxyphenylethyleneglycol (Dopeg)",NA,NA,NA,NA
3-Methyl-2-Oxopentanoate,NA,NA,NA,NA
"5,6-Dihydrothymine",NA,NA,NA,NA
5-Hydroxyindoleacetate (5-Hia),NA,NA,NA,NA
5-Sulfosalicylate,NA,NA,NA,NA
Acetylcarnitine (Alc; C2 Ac),NA,NA,NA,NA
B-Aminoisobutyrate,NA,NA,NA,NA
B-Hydroxybutyrate (Bhba),NA,NA,NA,NA
Bicine,NA,NA,NA,NA
Biotin,NA,NA,NA,NA
Bradykinin,NA,NA,NA,NA
Bradykinin Hydroxyproline,NA,NA,NA,NA
Cadaverine,NA,NA,NA,NA
Ciliatine (2-Aminoethylphosphonate),NA,NA,NA,NA
Dehydroepiandrosterone Sulfate (Dhea-S),NA,NA,NA,NA
Deoxyuridine,NA,NA,NA,NA
Dihydroxyacetonephosphate (Dhap),NA,NA,NA,NA
Dimethylbenzimidazole,NA,NA,NA,NA
Ethylmalonate,NA,NA,NA,NA
Histidinol,NA,NA,NA,NA
Homoserine Lactone,NA,NA,NA,NA
Hydroxyphenylpyruvate,NA,NA,NA,NA
Imidazolelactate,NA,NA,NA,NA
Indoxylsulfate,NA,NA,NA,NA
Inositol-1-Phosphate (I1P),NA,NA,NA,NA
"Isobar 1 Includes Mannose, Fructose, Glucose, Galactose",NA,NA,NA,NA
"Isobar 17 Includes Arginine, N-Alpha-Acetyl-Ornithine",NA,NA,NA,NA
"Isobar 18 Includes D-Fructose 1-Phosphate, Beta-D-Fructose 6-Phosphate",NA,NA,NA,NA
"Isobar 19 Includes D-Saccharic Acid,1,5-Anhydro-D-Glucitol",NA,NA,NA,NA
"Isobar 2 Includes 2-Aminoisobutyric Acid,3-Amino-Isobutyrate",NA,NA,NA,NA
"Isobar 21 Includes Gamma-Aminobutyryl-L-Histidine, L-Anserine",NA,NA,NA,NA
"Isobar 22 Includes Glutamic Acid, O-Acetyl-L-Serine",NA,NA,NA,NA
"Isobar 24 Includes L-Arabitol, Adonitol",NA,NA,NA,NA
"Isobar 28 Includes L-Threonine, L-Allothreonine, L-Homoserine",NA,NA,NA,NA
"Isobar 29 Includes R,S-Hydroorotic Acid, 5,6-Dihydroorotic Acid",NA,NA,NA,NA
"Isobar 3 Includes Inositol 1-Phosphate, Mannose 6-Phosphate",NA,NA,NA,NA
"Isobar 30 Includes Maltotetraose, Stachyose",NA,NA,NA,NA
"Isobar 31 Includes 1-Kestose,Maltotriose, Melezitose",NA,NA,NA,NA
"Isobar 32 Includes N-Acetyl-D-Glucosamine, N-Acetyl-D-Mannosamin",NA,NA,NA,NA
"Isobar 35 Includes D-Arabinose 5-Phosphate, D-Ribulose 5-Phosphate",NA,NA,NA,NA
"Isobar 4 Includes Gluconic Acid, Dl-Arabinose, D-Ribose, L-Xylose",NA,NA,NA,NA
"Isobar 40 Includes Maltotetraose, Stachyose",NA,NA,NA,NA
"Isobar 6 Includes Valine, Betaine",NA,NA,NA,NA
Isobar Glycochenodeoxycholic Acid/Glycodeoxycholic Acid,NA,NA,NA,NA
Methylglutarate,NA,NA,NA,NA
N-Acetylgalactosamine,NA,NA,NA,NA
N-Acetylglucosaminylamine,NA,NA,NA,NA
N-Carbamoylaspartate,NA,NA,NA,NA
Octadecanoic Acid,NA,NA,NA,NA
Orotidine-5'-Phosphate,NA,NA,NA,NA
Orthophosphate (Pi),NA,NA,NA,NA
Oxalate (Ethanedioate),NA,NA,NA,NA
Oxoproline,NA,NA,NA,NA
Phosphoserine,NA,NA,NA,NA
P-Hydroxyphenylacetate (Hpa),NA,NA,NA,NA
P-Hydroxyphenyllactate (Hpla),NA,NA,NA,NA
Picolinate,NA,NA,NA,NA
Pyridoxamine,NA,NA,NA,NA
Suberate (Octanedioate),NA,NA,NA,NA
Sucrose/Maltose,NA,NA,NA,NA
Thyroxine,NA,NA,NA,NA
Topiramate,NA,NA,NA,NA
"Trans-2, 3, 4-Trimethoxycinnamate",NA,NA,NA,NA
Udp-N-Acetylmuraminate (Udp-Murnac),,,,
1-Eicosadienoylglycerophosphocholine*,NA,NA,NA,NA
"1,7-Dimethylurate",91611,C16356,HMDB11103,CHEBI:68449
4-Vinylphenol Sulfate,62453,C05627,HMDB04072,CHEBI:1883
Acetylcholine,187,C01996,HMDB00895,CHEBI:15355
Serotonin (5Ht),5202,C00780,HMDB00259,CHEBI:28790
