hsa00010,ALDOA|ALDOB|ALDOC|ALDH2|ALDH1B1|ALDH9A1|ALDH3A2|ALDH7A1|ALDH3A1|ALDH1A3|ALDH3B1|ALDH3B2|AKR1A1|ADH1A|ADH1B|ADH1C|ADH4|ADH5|ADH6|ADH7|PDHA1|PDHA2|PDHB|PDHA1|PDHA2|PDHB|DLAT|LDHAL6A|LDHA|LDHB|LDHC|LDHAL6B|PKLR|PKM|ENO1|ENO2|ENO3|PGAM4|PGAM1|PGAM2|BPGM|GAPDH|GAPDHS|TPI1|PFKL|PFKM|PFKP|FBP1|FBP2|GPI|PGM1|PGM2|GPI|HK1|HK2|HK3|HKDC1|GCK|GPI|GALM|GCK|HK1|HK2|HK3|HKDC1|G6PC|G6PC2|G6PC3|DLD|PGK1|PGK2|PCK1|PCK2|BPGM|BPGM|ACSS2|ACSS1|ADPGK|ADPGK,C00033|C00031|C00103|C00631|C00267|C00221|C00111|C01172|C00668|C05345|C00074|C00197|C00236|C00186|C15972|C00469|C00022|C05125|C00024|C00084|C16255|C15973|C05378|C06186|C06187|C06188|C01451|C00036|C01159|C00118|C00068
hsa00020,DLD|OGDH|OGDHL|OGDH|OGDHL|DLST|SUCLG2|SUCLG1|SUCLA2|SUCLG2|SUCLG1|SUCLA2|IDH1|IDH2|IDH3A|IDH3B|IDH3G|IDH1|IDH2|ACLY|FH|ACO1|ACO2|ACO1|ACO2|CS|MDH1|MDH2|PC|PDHA1|PDHA2|PDHB|PDHA1|PDHA2|PDHB|DLD|DLAT|PCK1|PCK2|SDHA|SDHB|SDHC|SDHD,C00022|C00122|C00036|C05379|C00024|C00149|C00311|C00417|C00042|C00158|C15972|C00068|C16254|C15973|C00091|C00026|C05381|C05125|C00068|C15972|C16255|C15973|C00074
hsa00030,GPI|RBKS|PGM2|DERA|PRPS1L1|PRPS1|PRPS2|PGM2|RBKS|TKT|TKTL1|TKTL2|RPIA|RPE|RPEL1|TKT|TKTL1|TKTL2|ALDOA|ALDOB|ALDOC|PFKL|PFKM|PFKP|FBP1|FBP2|GPI|PGD|PGLS|G6PD|RGN|TALDO1|PGM1|PGM2|H6PD,C01151|C00668|C00118|C00022|C00257|C00198|C00031|C00221|C00345|C00204|C03752|C04442|C00117|C00119|C00620|C00121|C00279|C01218|C05382|C01801|C00673|C00118|C05378|C01172|C01236|C06473|C05345|C00672|C00577|C00258|C00631|C00231|C00231|C00199|C06019|C20589|C03752|C00197
hsa00040,GUSB|KL|RPE|RPEL1|XYLB|AKR1B1|AKR1B10|DCXR|AKR1B1|AKR1B10|CRYL1|UGP2|UGT2B11|UGT2A1|UGT2B28|UGT1A10|UGT1A8|UGT1A7|UGT1A6|UGT1A5|UGT1A9|UGT1A4|UGT1A1|UGT1A3|UGT2A2|UGT2B4|UGT2B7|UGT2B10|UGT2B15|UGT2B17|UGT2A3|UGDH|DHDH|ALDH2|ALDH1B1|ALDH3A2|SORD|AKR1A1,C14899|C03033|C00817|C00103|C00905|C00514|C00558|C00800|C05385|C00167|C00029|C00312|C02266|C00379|C00181|C01068|C00789|C00022|C03826|C00502|C00309|C00474|C00231|C00310|C00199|C00476|C00508|C00532|C03291|C01508|C01101|C00259|C01904|C00618|C00714|C00470|C02273|C06118|C04053|C04349|C05411|C04575|C05412|C06441|C00266|C00111|C00433|C00026|C00204|C00116|C00116|C00333|C15930|C20680|C02426|C00191
hsa00051,AKR1B1|AKR1B10|SORD|KHK|PHPT1|HK1|HK2|HK3|HKDC1|HK1|HK2|HK3|HKDC1|PFKFB1|PFKFB2|PFKFB3|PFKFB4|C12orf5|MPI|PMM1|PMM2|FPGT|TSTA3|GMDS|GMPPB|GMPPA|PFKL|PFKM|PFKP|TPI1|ALDOA|ALDOB|ALDOC|ALDOA|ALDOB|ALDOC|FBP1|FBP2|FUK,C00247|C00267|C01094|C00159|C00275|C00392|C00644|C03267|C00665|C00794|C00464|C02492|C01096|C00325|C01768|C00577|C00507|C00861|C01131|C02431|C01934|C03979|C00118|C00096|C05345|C00976|C01222|C02985|C05392|C02977|C03117|C00095|C00794|C00636|C05378|C02991|C01355|C01019|C00111|C01099|C01721|C06192|C02888|C00247|C11516|C11544|C18096|C02962|C01487|C18028|C01720|C03827|C20781|C00424|C00186
hsa00052,GLA|PFKL|PFKM|PFKP|GLA|GAA|GANC|MGAM|GLA|AKR1B1|AKR1B10|GLA|GLA|GLA|GLA|GCK|HK1|HK2|HK3|HKDC1|LCT|GLB1|PGM1|PGM2|B4GALT1|LALBA|B4GALT2|GALE|UGP2|GALT|G6PC|G6PC2|G6PC3|GLA|SI|GALK1|GALK2|GALM,C06311|C01216|C00137|C00095|C03383|C00124|C00052|C00103|C00029|C00880|C01286|C00446|C01235|C00089|C00492|C01235|C05399|C05400|C05401|C00116|C00159|C00794|C05396|C01113|C00031|C00124|C05404|C01613|C00118|C00111|C03785|C01097|C01697|C05796|C00795|C00243|C01132|C06376|C06377|C02262|C05402|C00668|C00267|C00577|C02669|C00984|C03733
hsa00053,MIOX|UGDH|RGN|ALDH2|ALDH1B1|ALDH9A1|ALDH3A2|ALDH7A1|UGT2B11|UGT2A1|UGT2B28|UGT1A10|UGT1A8|UGT1A7|UGT1A6|UGT1A5|UGT1A9|UGT1A4|UGT1A1|UGT1A3|UGT2A2|UGT2B4|UGT2B7|UGT2B10|UGT2B15|UGT2B17|UGT2A3,C00137|C05385|C00167|C00029|C16186|C01825|C15930|C15926|C15923|C15925|C02280|C00096|C00231|C01101|C03291|C14899|C02670|C00191|C03921|C00818|C01040|C00800|C01146|C00333|C03289|C00022|C00679|C00879|C00072|C00433|C00026|C05422|C01041|C05406|C04575|C00259|C00684|C05411|C05412|C03826|C00545|C01620|C03064|C01114|C01115|C00618|C15924
hsa00061,FASN|OXSM|OLAH|OLAH|OLAH|OLAH|OXSM|OXSM|OXSM|OXSM|OXSM|OXSM|OLAH|FASN|FASN|FASN|FASN|FASN|FASN|FASN|FASN|FASN|FASN|FASN|FASN|FASN|FASN|FASN|FASN|FASN|FASN|FASN|FASN|FASN|FASN|FASN|FASN|FASN|FASN|FASN|FASN|FASN|MCAT|FASN|FASN|ACACA|ACACB|ACACA|ACACB|OXSM,C04088|C16221|C16220|C16219|C00712|C01530|C08362|C01203|C16520|C06424|C02679|C01571|C06423|C00024|C04419|C06250|C00083|C01209|C03939|C05744|C04618|C04246|C05745|C00229|C05746|C05747|C05748|C05749|C05752|C05751|C04620|C05750|C05753|C04619|C05754|C05755|C05223|C05758|C05757|C05756|C05759|C04688|C05760|C05761|C00249|C05764|C05763|C04633|C05762
hsa00062,PPT1|PPT2|MECR|ECHS1|HADHA|HADHA|ACAA2|HADHB|MECR|ECHS1|HADHA|HADHA|ACAA2|HADHB|MECR|ECHS1|HADHA|HADHA|ACAA2|HADHB|MECR|ECHS1|HADHA|HADHA|HADH|ACAA2|HADHB|MECR|ECHS1|HADHA|HADHA|HADH|ACAA2|HADHB|MECR|ECHS1|HADHA|HADHA|HADH|ACAA2|HADHB|HSD17B12|TECR|PTPLB|PTPLA|ECHS1|HADHA|HADH|ACAA2|HADHB|MECR|HADHA|PPT1|PPT2|ACOT2|ACOT7|ACOT4|ACOT1|ELOVL2|ELOVL5|ELOVL1|ELOVL4|ELOVL6|ELOVL7|ELOVL3,C00024|C00136|C05270|C05271|C05268|C05269|C01944|C05276|C05266|C05267|C05265|C05264|C05275|C05274|C01832|C03221|C05262|C05263|C02593|C05273|C05260|C05261|C05259|C05258|C05272|C00154|C00249|C00040|C00083|C02843|C00658|C00640|C00264|C00024|C00040|C00040...|C00658...|C00640|C00264|C00249...|C00638
hsa00071,ACADSB|ACADSB|ACADS|EHHADH|HADH|ECHS1|EHHADH|HADHA|ACADM|ECI2|ECI1|EHHADH|ACAT1|ACAT2|ACAA2|ACAA1|HADHB|EHHADH|HADH|ECHS1|EHHADH|HADHA|ACADS|ACADM|HADHA|ACADL|ACAA2|ACAA1|HADHB|EHHADH|HADH|ECHS1|EHHADH|HADHA|ACADM|HADHA|ACADL|ACAA2|ACAA1|HADHB|EHHADH|HADH|ECHS1|EHHADH|HADHA|ACADM|ACADL|HADHA|ACAA2|ACAA1|HADHB|EHHADH|HADH|ECHS1|EHHADH|HADHA|ACADM|ADH1A|ADH1B|ADH1C|ADH4|ADH5|ADH6|ADH7|GCDH|HADHA|ACADL|ACAA2|ACAA1|HADHB|ECHS1|EHHADH|HADHA|ACADM|EHHADH|HADH|HADHA|ACADL|CYP4A11|CYP4A22|ACAA2|ACAA1|HADHB|EHHADH|HADH|ECHS1|EHHADH|HADHA|ACADM|ACSL1|ACSL3|ACSL4|ACSBG1|ACSL6|ACSL5|ACSBG2|HADHA|ACADL|ACOX1|ACOX3|ACOX1|ACOX3|ACOX1|ACOX3|ACOX1|ACOX3|ACOX1|ACOX3|ACOX1|ACOX3|ACOX1|ACOX3|ACAT1|ACAT2|ACADVL|ACADVL|CPT1C|CPT1A|CPT1B|CPT2|ALDH2|ALDH1B1|ALDH9A1|ALDH3A2|ALDH7A1,C02990|C00638|C05280|C03561|C01144|C00877|C00332|C00136|C00229|C05269|C05271|C00010|C05268|C05270|C20683|C05279|C01144|C00010|C05267|C05266|C05276|C01944|C01371|C00340|C05275|C05274|C05264|C00010|C05265|C00435|C00226|C05262|C01832|C00010|C05263|C03221|C00071|C00010|C05260|C02593|C05261|C05273|C00162|C00527|C00010|C05259|C05258|C05272|C00154|C00249|C05102|C03547|C00517|C00823|C00024|C00489|C00154
hsa00072,HMGCS1|HMGCS2|HMGCL|ACAT1|ACAT2|BDH2|BDH1|OXCT1|OXCT2,C00332|C00356|C00207|C00164|C01089|C00024
hsa00100,SC5D|EBP|DHCR7|SC5D|EBP|SC5D|DHCR24|DHCR7|SC5D|DHCR24|DHCR24|DHCR24|DHCR24|DHCR24|DHCR24|CYP51A1|TM7SF2|DHCR7|LSS|TM7SF2|EBP|NSDHL|DHCR24|FAXDC2|MSMO1|CYP51A1|HSD17B7|CEL|LIPA|SOAT1|SOAT2|CYP2R1|CYP27B1|FDFT1|FDFT1|SQLE,C01673|C01561|C01902|C05442|C15776|C11508|C01802|C01789|C15781|C05107|C15780|C15783|C01753|C08830|C08821|C15782|C02141|C01943|C11523|C01054|C01724|C05109|C04525|C11455|C15915|C05108|C15777|C15808|C15778|C15816|C01189|C01164|C05443|C05103|C05437|C05440|C01694|C03845|C11522|C05441|C05439|C15777|C00187|C02530|C18231|C07712|C00448|C03428|C00751
hsa00120,CYP46A1|CYP7B1|CYP7A1|CYP7B1|CYP27A1|CYP27A1|AKR1D1|AKR1C4|CYP27A1|AMACR|ACOX2|AKR1C4|CH25H|CYP7A1|HSD17B4|SCP2|SCP2|SLC27A5|BAAT|CYP27A1|CYP27A1|CYP27A1|HSD3B7|HSD3B7|HSD3B7|HSD3B7|BAAT|SLC27A5|BAAT|BAAT|CYP8B1|CYP39A1|SLC27A5|CYP27A1|CYP27A1|CYP27A1|AMACR|ACOX2|HSD17B4|SLC27A5|AKR1D1|HSD17B4|HSD17B4|CYP7B1|HSD3B7|ACOT8|ACOT8,C00187|C03594|C15610|C15519|C13550|C05455|C17336|C17333|C17335|C17337|C17331|C17332|C17339|C05451|C05453|C05454|C05449|C15613|C01794|C05337|C06341|C05446|C01301|C04722|C17343|C05460|C05467|C05452|C05444|C05445|C04554|C17345|C17346|C05447|C00037|C05465|C00245|C02528|C05466|C00037|C05122|C00245|C00695|C01921|C05468|C02528...|C02528...|C05448|C05450|C15518|C15520
hsa00130,COQ2|COQ3|HPD|TAT|COQ6|COQ5|COQ7|COQ3|GGCX|VKORC1|NQO1|NQO1|GGCX|VKORC1,C16519|C03657|C06986|C00885|C00156|C00399...|C03160|C02730|C17554...|C17559...|C17552...|C17560...|C17561...|C05848...|C05807...|C17551...|C05817|C15547|C00544|C00811|C00082|C01179|C03672|C00223|C02949|C05847...|C05427|C05818|C13309|C02059|C05427|C00828|C04146|C04145|C17570|C14151|C02477|C10385|C14152|C15882|C02483|C15883|C17562...|C18131|C10793|C18132|C18133|C17412|C03993|C18135|C18134|C00341|C05849|C05819|C03313|C20265|C00251|C16999|C17010|C17017|C17018|C20772|C20773|C00423
hsa00140,HSD17B1|HSD17B2|HSD17B12|HSD17B7|HSD17B8|HSD17B6|STS|SULT2B1|CYP11A1|CYP11A1|CYP11A1|CYP11A1|CYP11A1|CYP11A1|CYP17A1|CYP21A2|HSD3B1|HSD3B2|HSD3B1|HSD3B2|CYP7B1|STS|SULT2B1|HSD3B1|HSD3B2|HSD3B1|HSD3B2|HSD3B1|HSD3B2|HSD3B1|HSD3B2|HSD3B1|HSD3B2|HSD3B1|HSD3B2|HSD3B1|HSD3B2|HSD3B1|HSD3B2|CYP11B2|SULT2B1|STS|CYP1A1|CYP1A2|CYP3A7|HSD3B1|HSD3B2|HSD3B1|HSD3B2|HSD3B1|HSD3B2|HSD3B1|HSD3B2|CYP21A2|HSD3B1|HSD3B2|HSD3B1|HSD3B2|CYP17A1|SRD5A1|SRD5A2|SRD5A3|AKR1C4|AKR1C1|AKR1C2|AKR1C3|CYP11B2|AKR1D1|AKR1C4|CYP11B2|CYP21A2|HSD11B1|HSD11B2|AKR1C4|HSD11B1|CYP11B2|CYP21A2|AKR1D1|SRD5A1|SRD5A2|SRD5A3|AKR1C4|AKR1C4|AKR1C1|AKR1C2|AKR1C3|AKR1C4|AKR1C1|AKR1C2|AKR1C3|CYP17A1|CYP11B2|CYP21A2|CYP21A2|HSD17B1|HSD17B2|HSD17B12|HSD17B7|HSD17B8|HSD17B6|AKR1D1|AKR1C4|CYP11B2|AKR1D1|AKR1C4|HSD11B1|HSD11B2|CYP17A1|HSD17B3|AKR1C3|HSD17B2|HSD17B8|HSD17B6|CYP11B2|HSD11B1|AKR1C4|AKR1D1|UGT2B11|UGT2A1|UGT2B28|UGT1A10|UGT1A8|UGT1A7|UGT1A6|UGT1A5|UGT1A9|UGT1A4|UGT1A1|UGT1A3|UGT2A2|UGT2B4|UGT2B7|UGT2B10|UGT2B15|UGT2B17|UGT2A3|SRD5A1|SRD5A2|SRD5A3|AKR1C4|UGT2B11|UGT2A1|UGT2B28|UGT1A10|UGT1A8|UGT1A7|UGT1A6|UGT1A5|UGT1A9|UGT1A4|UGT1A1|UGT1A3|UGT2A2|UGT2B4|UGT2B7|UGT2B10|UGT2B15|UGT2B17|UGT2A3|CYP1A1|UGT2B11|UGT2A1|UGT2B28|UGT1A10|UGT1A8|UGT1A7|UGT1A6|UGT1A5|UGT1A9|UGT1A4|UGT1A1|UGT1A3|UGT2A2|UGT2B4|UGT2B7|UGT2B10|UGT2B15|UGT2B17|UGT2A3|HSD17B1|HSD17B2|HSD17B12|HSD17B7|HSD17B8|HSD17B6|SRD5A1|SRD5A2|SRD5A3|AKR1C4|AKR1D1|UGT2B11|UGT2A1|UGT2B28|UGT1A10|UGT1A8|UGT1A7|UGT1A6|UGT1A5|UGT1A9|UGT1A4|UGT1A1|UGT1A3|UGT2A2|UGT2B4|UGT2B7|UGT2B10|UGT2B15|UGT2B17|UGT2A3|UGT2B11|UGT2A1|UGT2B28|UGT1A10|UGT1A8|UGT1A7|UGT1A6|UGT1A5|UGT1A9|UGT1A4|UGT1A1|UGT1A3|UGT2A2|UGT2B4|UGT2B7|UGT2B10|UGT2B15|UGT2B17|UGT2A3|CYP1A1|COMT|UGT2B11|UGT2A1|UGT2B28|UGT1A10|UGT1A8|UGT1A7|UGT1A6|UGT1A5|UGT1A9|UGT1A4|UGT1A1|UGT1A3|UGT2A2|UGT2B4|UGT2B7|UGT2B10|UGT2B15|UGT2B17|UGT2A3|UGT2B11|UGT2A1|UGT2B28|UGT1A10|UGT1A8|UGT1A7|UGT1A6|UGT1A5|UGT1A9|UGT1A4|UGT1A1|UGT1A3|UGT2A2|UGT2B4|UGT2B7|UGT2B10|UGT2B15|UGT2B17|UGT2A3|COMT|CYP1B1|SULT1E1|UGT2B11|UGT2A1|UGT2B28|UGT1A10|UGT1A8|UGT1A7|UGT1A6|UGT1A5|UGT1A9|UGT1A4|UGT1A1|UGT1A3|UGT2A2|UGT2B4|UGT2B7|UGT2B10|UGT2B15|UGT2B17|UGT2A3|AKR1C4|CYP7A1|CYP11B2|CYP17A1|CYP17A1|CYP2E1|CYP3A4|CYP3A4,C05138|C05485|C05489|C00735|C00762|C05481|C05471|C05472|C05482|C18075|C05497|C05498|C18041|C13712|C05480|C18042|C05484|C05478|C05477|C05483|C01124|C05473|C05474|C18039|C18040|C13713|C18043|C00187|C05502|C05501|C18044|C18038|C02373|C03747|C04042|C01227|C05139|C05140|C04295|C05284|C05285|C03772|C00674|C04373|C11136|C00523|C11135|C05290|C05297|C05294|C05295|C03917|C03852|C05293|C11134|C04676|C05300|C05141|C11133|C02537|C05298|C11132|C08358|C05504|C05301|C08357|C05503|C03935|C11131|C08359|C05296|C05291|C04518|C18045|C05475|C01953|C05499|C04555|C02140|C02538|C05488|C05487|C05500|C00280|C00535|C00410|C03205|C01176|C01780|C05476|C05302|C05299|C05470|C05469|C05284|C00468|C00951|C05479|C03681|C05490
hsa00190,COX4I1|COX4I2|NDUFC2-KCTD14|NDUFC2|NDUFC1|NDUFB10|NDUFB9|NDUFB8|NDUFB7|NDUFB6|NDUFB5|NDUFB4|NDUFB3|NDUFB2|NDUFB1|NDUFA11|NDUFAB1|NDUFA10|NDUFA9|NDUFA8|NDUFA7|NDUFA6|NDUFA5|NDUFA4|NDUFA4L2|NDUFA3|NDUFA2|NDUFA1|NDUFV3|NDUFV2|NDUFV1|NDUFS8|NDUFS7|NDUFS6|NDUFS5|NDUFS4|NDUFS3|NDUFS2|NDUFS1|MT-ND6|MT-ND5|MT-ND4L|MT-ND4|MT-ND3|MT-ND2|MT-ND1|COX17|COX15|COX11|NDUFC2-KCTD14|NDUFS7|NDUFA1|NDUFA2|NDUFA3|NDUFA4|NDUFA5|NDUFA6|NDUFA7|NDUFA8|NDUFA9|NDUFA10|NDUFAB1|NDUFB1|NDUFB2|NDUFB3|NDUFB4|NDUFB5|NDUFB6|NDUFB7|NDUFB8|NDUFB9|NDUFB10|NDUFC1|NDUFC2|NDUFS1|NDUFS2|NDUFS3|NDUFV1|NDUFS4|NDUFS5|NDUFS6|NDUFS8|NDUFV2|NDUFV3|NDUFA13|NDUFB11|NDUFA12|NDUFA4L2|COX8A|COX8C|COX7C|COX7B|COX7B2|COX7A1|COX7A2|COX7A2L|COX6C|NDUFC2-KCTD14|NDUFA11|NDUFS7|MT-ND1|MT-ND2|MT-ND3|MT-ND4|MT-ND4L|MT-ND5|MT-ND6|NDUFA1|NDUFA2|NDUFA3|NDUFA4|NDUFA5|NDUFA6|NDUFA7|NDUFA8|NDUFA9|NDUFA10|NDUFAB1|NDUFB1|NDUFB2|NDUFB3|NDUFB4|NDUFB5|NDUFB6|NDUFB7|NDUFB8|NDUFB9|NDUFB10|NDUFC1|NDUFC2|NDUFS1|NDUFS2|NDUFS3|NDUFV1|NDUFS4|NDUFS5|NDUFS6|NDUFS8|NDUFV2|NDUFV3|NDUFA13|NDUFB11|NDUFA12|NDUFA4L2|UQCR11|CYC1|UQCRQ|UQCR10|MT-CYB|UQCRB|UQCRC1|UQCRC2|UQCRFS1|UQCRH|COX6B2|COX4I1|COX5B|COX6A1|COX6A2|COX6B1|COX6C|COX7A1|COX7A2|COX7B|COX7C|COX8A|COX7B2|COX8C|MT-CO1|MT-CO2|MT-CO3|COX4I2|COX7A2L|COX5A|TCIRG1|ATP5H|ATP5L|ATP6V1G3|ATP6V0E2|ATP6V0A2|ATP6V0D2|ATP6V1C2|MT-ATP6|MT-ATP8|ATP5A1|ATP5B|ATP6V0A4|ATP5C1|ATP5D|ATP6V1D|ATP5E|ATP5F1|ATP5G1|ATP6V1H|ATP5G2|ATP5G3|ATP5I|ATP5J|ATP6V1A|ATP6V1B1|ATP6V1B2|ATP6V0C|ATP6V1C1|ATP6V1E1|ATP6V0B|ATP6V1G2|ATP6V0A1|ATP6AP1|ATP5O|ATP6V0E1|ATP6V1E2|ATP6V0D1|ATP6V1F|ATP6V1G1|ATP5J2|ATP12A|ATP4A|ATP4B|PPA2|PPA1|LHPP|SDHC|SDHD|SDHA|SDHB|UQCR11|UQCR10|UQCRQ|UQCRB|UQCRH|UQCRC2|UQCRC1|CYC1|MT-CYB|UQCRFS1|COX6B2|COX6B1|COX6A1|COX6A2|COX5B|COX5A|MT-CO2|MT-CO1|MT-CO3|COX10|ATP5B|ATP5A1|ATP5C1|ATP5O|ATP5D|ATP5E|ATP5G1|ATP5G2|ATP5G3|MT-ATP6|ATP5F1|ATP5I|ATP5J|ATP5J2|MT-ATP8|ATP5H|ATP5L|ATP6V1A|ATP6V1B1|ATP6V1B2|ATP6V1C2|ATP6V1C1|ATP6V1D|ATP6V1E1|ATP6V1E2|ATP6V1F|ATP6V1G3|ATP6V1G2|ATP6V1G1|ATP6V1H|TCIRG1|ATP6V0A2|ATP6V0A4|ATP6V0A1|ATP6V0D2|ATP6V0D1|ATP6V0E2|ATP6V0E1|ATP6AP1|ATP6V0C|ATP6V0B|NDUFB11|NDUFA12|NDUFA13|SDHA|SDHB|SDHC|SDHD,C00061|C00390|C00399|C00524|C00080|C00080|C00080|C00004|C00003|C00080|C00122|C00080|C00080|C00080|C00007|C00001|C00080|C00080|C00008|C00009|C00080|C00013|C00536|C00002|C00001|C00042
hsa00230,RRM2B|RRM1|RRM2|XDH|PRPS1L1|PRPS1|PRPS2|PPAT|GART|GART|GART|ATIC|ADSL|PAICS|PAICS|PNPT1|PDE10A|PDE11A|PDE1C|PDE2A|PDE3A|PDE3B|ADCY1|ADCY2|ADCY3|ADCY5|ADCY6|ADCY7|ADCY8|ADCY9|ADCY4|ADCY10|POLR3F|POLR3G|POLR3C|POLR3A|POLR3H|TWISTNB|POLR2J2|POLR1A|ZNRD1|POLR1D|POLR3K|POLR2A|POLR2B|POLR2C|POLR2D|POLR2E|POLR2F|POLR2G|POLR2H|POLR2I|POLR2J|POLR2K|POLR2L|POLR2J3|POLR3B|POLR3E|POLR1E|POLR3D|POLR1B|POLR3GL|POLR1C|POLD3|POLA2|POLE3|POLA1|POLD1|POLD2|POLE|POLE2|PRIM1|PRIM2|POLE4|POLD4|ENTPD8|ENTPD1|ENTPD3|ENTPD2|NME6|NME7|NME1|NME2|NME3|NME4|NME1-NME2|NME5|NME6|NME7|NME1|NME2|NME3|NME4|NME1-NME2|NME5|RRM2B|RRM1|RRM2|ENTPD8|ENTPD1|ENTPD3|AK7|AK8|AK1|AK2|AK4|AK5|ADSL|ADSSL1|ADSS|AMPD1|AMPD2|AMPD3|NT5C1B-RDH14|NT5C3B|NT5C2|NT5C|NT5E|NT5C3A|NT5M|NT5C1A|NT5C1B|ADK|APRT|NT5C1B-RDH14|NT5C3B|NT5C2|NT5C|NT5E|NT5C3A|NT5M|NT5C1A|NT5C1B|ADA|PNP|PNP|NT5C1B-RDH14|NT5C3B|NT5C2|NT5C|NT5E|NT5C3A|NT5M|NT5C1A|NT5C1B|ADA|ENTPD8|ENTPD1|ENTPD3|NME6|NME7|NME1|NME2|NME3|NME4|NME1-NME2|NME5|ENTPD8|ENTPD1|ENTPD3|GMPR|GMPR2|IMPDH1|IMPDH2|GMPS|ENTPD8|ENTPD1|ENTPD3|CANT1|ENTPD5|ENTPD4|HPRT1|PNP|XDH|NT5C1B-RDH14|NT5C3B|NT5C2|NT5C|NT5E|NT5C3A|NT5M|NT5C1A|NT5C1B|PNP|HPRT1|NT5C1B-RDH14|NT5C3B|NT5C2|NT5C|NT5E|NT5C3A|NT5M|NT5C1A|NT5C1B|HPRT1|GUK1|PNP|GDA|ALLC|HDDC3|PRUNE|PNPT1|ENTPD8|ENTPD1|ENTPD3|NME6|NME7|NME1|NME2|NME3|NME4|NME1-NME2|NME5|GUK1|NME6|NME7|NME1|NME2|NME3|NME4|NME1-NME2|NME5|NT5C1B-RDH14|NT5C3B|NT5C2|NT5C|NT5E|NT5C3A|NT5M|NT5C1A|NT5C1B|PNP|POLR3F|POLR3G|POLR3C|POLR3A|POLR3H|TWISTNB|POLR2J2|POLR1A|ZNRD1|POLR1D|POLR3K|POLR2A|POLR2B|POLR2C|POLR2D|POLR2E|POLR2F|POLR2G|POLR2H|POLR2I|POLR2J|POLR2K|POLR2L|POLR2J3|POLR3B|POLR3E|POLR1E|POLR3D|POLR1B|POLR3GL|POLR1C|GUCY1A2|GUCY1A3|GUCY1B3|GUCY2C|GUCY2F|GUCY2D|NPR1|NPR2|POLD3|POLA2|POLE3|POLA1|POLD1|POLD2|POLE|POLE2|PRIM1|PRIM2|POLE4|POLD4|PDE10A|PDE11A|PDE1C|PDE2A|PDE3A|PDE3B|PDE6A|PDE6C|PDE6D|PDE6G|PDE6H|PDE9A|PDE6B|PDE5A|PAPSS2|PAPSS1|PAPSS2|PAPSS1|ENPP1|ENPP3|XDH|XDH|PFAS|ITPA|ITPA|ITPA|NUDT2|NUDT2|DGUOK|ITPA|NUDT2|PGM2|NUDT5|NUDT9|ADPRM|PNP|AK7|AK8|AK1|AK2|AK4|AK5|NME6|NME7|NME1|NME2|NME3|NME4|NME1-NME2|NME5|ITPA|FHIT|ADCY1|ADCY2|ADCY3|ADCY5|ADCY6|ADCY7|ADCY8|ADCY9|ADCY4|ADCY10|PKLR|PKM|PKLR|PKM|APRT|APRT|CANT1|ENTPD5|ENTPD4|DCK|PKLR|PKM|PKLR|PKM|NTPCR|ATIC|URAD|PDE7B|PDE4A|PDE4B|PDE4C|PDE4D|PDE7A|PDE8A|PDE8B|PGM1|PGM2|NUDT16|NUDT16,C12248|C11821|C02091|C00802|C00169|C00014|C00011|C00117|C00119|C03090|C04734|C00064|C04392|C00046|C00039|C05512|C00559|C00360|C00206|C00131|C00008|C00020|C00212|C00147|C03794|C00014|C00130|C00294|C00262|C00048|C00011|C00014|C00086|C00603|C00499|C02350|C02348|C00366|C05513|C00385|C00008|C01260|C00224|C00053|C00059|C00054|C00037|C02718|C05239|C05516|C05515|C00242|C00330|C00362|C00039|C00286|C00361|C00046|C00035|C04494|C01228|C00144|C00387|C01762|C00081|C00104|C01345|C03373|C04751|C04640|C04376|C04823|C03838|C04677|C01344|C00002|C00044|C03614|C00942|C01261|C02353|C01367|C03483|C00575|C00620|C00301|C00002|C00002|C00655|C00700|C06194|C06195|C06196|C06193|C06197|C04051|C05993|C06433|C06435|C15667
hsa00232,CYP1A2|XDH|XDH|CYP1A2|NAT2|NAT1|XDH|CYP1A2|XDH|CYP2A6,C00385|C13747|C16362|C16363|C16361|C00048|C16364|C16359|C16357|C16355|C07481|C16358|C16356|C16366|C07480|C07130|C16352|C01762|C16365|C16353|C16360
hsa00240,RRM2B|RRM1|RRM2|CAD|CAD|CAD|UMPS|PNPT1|POLR3F|POLR3G|POLR3C|POLR3A|POLR3H|TWISTNB|POLR2J2|POLR1A|ZNRD1|POLR1D|POLR3K|POLR2A|POLR2B|POLR2C|POLR2D|POLR2E|POLR2F|POLR2G|POLR2H|POLR2I|POLR2J|POLR2K|POLR2L|POLR2J3|POLR3B|POLR3E|POLR1E|POLR3D|POLR1B|POLR3GL|POLR1C|NME6|NME7|NME1|NME2|NME3|NME4|NME1-NME2|NME5|AK3|CMPK2|CMPK1|CTPS1|CTPS2|ENTPD8|ENTPD1|ENTPD3|CANT1|ENTPD5|ENTPD4|ENTPD8|ENTPD1|ENTPD3|UPRT|UCKL1|UCK2|UCK1|NT5C1B-RDH14|NT5C3B|NT5C2|NT5C|NT5E|NT5C3A|NT5M|NT5C1A|NT5C1B|UPP2|UPP1|DPYD|DPYS|UPB1|POLR3F|POLR3G|POLR3C|POLR3A|POLR3H|TWISTNB|POLR2J2|POLR1A|ZNRD1|POLR1D|POLR3K|POLR2A|POLR2B|POLR2C|POLR2D|POLR2E|POLR2F|POLR2G|POLR2H|POLR2I|POLR2J|POLR2K|POLR2L|POLR2J3|POLR3B|POLR3E|POLR1E|POLR3D|POLR1B|POLR3GL|POLR1C|PNPT1|ENTPD8|ENTPD1|ENTPD3|NME6|NME7|NME1|NME2|NME3|NME4|NME1-NME2|NME5|ENTPD8|ENTPD1|ENTPD3|CMPK2|CMPK1|UCKL1|UCK2|UCK1|NT5C1B-RDH14|NT5C3B|NT5C2|NT5C|NT5E|NT5C3A|NT5M|NT5C1A|NT5C1B|CDA|TXNRD2|TXNRD3|TXNRD1|TXNRD2|TXNRD3|TXNRD1|TXNRD2|TXNRD3|TXNRD1|RRM2B|RRM1|RRM2|NME6|NME7|NME1|NME2|NME3|NME4|NME1-NME2|NME5|POLD3|POLA2|POLE3|POLA1|POLD1|POLD2|POLE|POLE2|PRIM1|PRIM2|POLE4|POLD4|CMPK2|CMPK1|DCTPP1|DCK|NT5C1B-RDH14|NT5C3B|NT5C2|NT5C|NT5E|NT5C3A|NT5M|NT5C1A|NT5C1B|DCTD|DUT|NME6|NME7|NME1|NME2|NME3|NME4|NME1-NME2|NME5|DTYMK|TK1|TK2|CDA|PNP|TYMP|TXNRD2|TXNRD3|TXNRD1|TYMS|POLD3|POLA2|POLE3|POLA1|POLD1|POLD2|POLE|POLE2|PRIM1|PRIM2|POLE4|POLD4|NME6|NME7|NME1|NME2|NME3|NME4|NME1-NME2|NME5|ENTPD8|ENTPD1|ENTPD3|DTYMK|ENTPD8|ENTPD1|ENTPD3|NT5C1B-RDH14|NT5C3B|NT5C2|NT5C|NT5E|NT5C3A|NT5M|NT5C1A|NT5C1B|TK1|TK2|TYMP|DPYD|DPYS|UPB1|DHODH|DCTPP1|UMPS|ITPA|ITPA|NUDT2|UPP2|UPP1,C15607|C00064|C00438|C00169|C00337|C00119|C01103|C00342|C00343|C00075|C00015|C00105|C00299|C00106|C00046|C00063|C00039|C00459|C00363|C00364|C00214|C00672|C05281|C02170|C00178|C02376|C00906|C05100|C05145|C00383|C00086|C00813|C00099|C02642|C00429|C00380|C00475|C00055|C00112|C00015|C00342|C00343|C00460|C01346|C00365|C00526|C00881|C00239|C00705|C00458|C00343|C00342|C00343|C00342|C03997|C11038|C11039|C01168|C02067|C00295|C00075|C00029|C01368|C02355|C00063|C02354|C06198|C05822|C20231|C20249|C01563|C00222|C01013|C20253|C20254
hsa00250,NIT2|ASNS|NAT8L|IL4I1|GOT1|GOT2|DDO|ASS1|ADSSL1|ADSS|ASL|ADSL|AGXT|AGXT2|GPT|GPT2|CAD|ALDH5A1|GLUD1|GLUD2|ABAT|GAD1|GAD2|GLUL|GLS2|GLS|CAD|CPS1|NIT2|ALDH4A1|GFPT1|GFPT2|PPAT|ASPA|ACY3|RIMKLA|RIMKLB|RIMKLA|FOLH1|FOLH1|RIMKLB|RIMKLA,C00122|C00042|C00036|C00026|C00041|C00049|C00152|C00402|C02362|C01042|C03794|C03406|C00022|C00438|C00232|C00025|C00334|C00064|C00014|C00169|C00940|C03912|C00352|C03090|C00014|C12270|C20776|C00158|C20775
hsa00260,SRR|CHDH|ALDH7A1|GLYCTK|BHMT|AGXT|AGXT|GAMT|PHGDH|DMGDH|CBS|CTH|GATM|PSAT1|PIPOX|SARDH|PSPH|SHMT1|SHMT2|SDS|SDSL|DAO|GCAT|SDS|SDSL|GLDC|ALAS1|ALAS2|MAOA|MAOB|GRHPR|AOC2|AOC3|AMT|DLD|GNMT|SDS|SDSL|AGXT|CBS|AGXT|AGXT2|PGAM4|PGAM1|PGAM2|BPGM|GCSH,C16432|C06231|C06442|C03283|C02855|C02972|C02051|C00258|C00114|C00576|C00719|C00197|C00300|C01026|C05519|C00581|C00049|C03232|C02291|C00097|C00213|C01005|C00037|C00188|C00109|C03082|C00065|C00048|C01102|C03508|C00263|C00441|C00740|C00022|C00011|C00430|C00168|C00014|C00101|C01726|C01888|C00546|C05235|C00143|C01242|C03194|C02737|C00078|C00986|C00631|C19929
hsa00270,TAT|ADI1|ADI1|APIP|MRI1|MTAP|SRM|AMD1|CTH|CBS|MTR|BHMT|MAT2B|MAT1A|MAT2A|AHCYL1|AHCY|AHCYL2|DNMT1|DNMT3A|DNMT3B|IL4I1|ENOPH1|SDS|SDSL|GOT1|GOT2|CTH|CDO1|GOT1|GOT2|CTH|MPST|TST|GOT1|GOT2|LDHAL6A|LDHA|LDHB|LDHC|LDHAL6B|SMS|MDH1|MDH2,C06547|C01234|C08276|C15606|C15651|C15650|C04582|C04188|C03089|C00170|C01137|C01817|C03145|C00109|C00065|C00155|C00073|C02291|C00021|C00019|C02989|C01180|C03539|C00409|C00065|C00979|C00097|C00283|C05824|C05526|C00059|C00051|C02218|C00506|C05528|C11537|C00022|C11481|C00491|C01962|C00606|C05527|C00022|C00793|C00957|C05823|C00263|C01118|C01077|C00441|C03082|C00049|C05524|C09306|C00041|C00094|C00320|C01005|C11499
hsa00280,BCKDHA|BCKDHB|DLD|DLD|BCKDHA|BCKDHB|DLD|BCKDHA|BCKDHB|ACAT1|ACAT2|HMGCS1|HMGCS2|OXCT1|OXCT2|HMGCL|AUH|MCCC1|MCCC2|ECHS1|EHHADH|HADHA|IVD|BCKDHA|BCKDHB|BCAT1|BCAT2|ACAA2|ACAA1|HADHB|EHHADH|HADH|ECHS1|EHHADH|HADHA|ACADSB|DBT|BCKDHA|BCKDHB|BCAT1|BCAT2|IL4I1|MUT|MCEE|PCCA|PCCB|AOX1|ALDH2|ALDH1B1|ALDH9A1|ALDH3A2|ALDH7A1|ALDH6A1|ABAT|EHHADH|HSD17B10|HADH|HIBADH|HIBCH|HSD17B10|ECHS1|EHHADH|HADHA|ACADM|ACADSB|DBT|BCKDHA|BCKDHB|DBT|BCAT1|BCAT2|ACADM|ACADM|ACADS|ACADS|ACAD8,C15978|C15973|C15973|C15972|C15972|C15976|C00068|C00068|C15973|C15972|C15974|C00068|C00123|C02486|C00233|C15975|C02939|C03069|C05998|C03231|C00356|C00164|C00332|C00024|C00091|C03284|C06002|C02170|C01213|C00683|C00100|C03344|C03345|C04405|C05996|C00630|C03460|C06000|C06001|C03467|C00183|C00141|C15977|C00407|C00671|C15979|C15980
hsa00290,SDS|SDSL|BCAT1|BCAT2|BCAT1|BCAT2|BCAT1|BCAT2,C00188|C06032|C02226|C02612|C00024|C00022|C00109|C06006|C14463|C06007|C00671|C00407|C00183|C00141|C04272|C04181|C06010|C02504|C02631|C04411|C04236|C00233|C00123
hsa00300,ALDH7A1|ALDH7A1|AADAT|ALDH7A1,C19889|C19888|C19887|C19886|C00049|C03082|C00263|C00441|C03972|C05539|C04390|C04462|C04421|C00666|C00680|C03871|C04877|C00047|C00449|C04076|C05535|C05560|C00956|C00322|C05662|C04002|C01251|C00024|C00026|C04882|C20278|C20277|C20279|C16138|C20258
hsa00310,AASS|ECHS1|EHHADH|HADHA|EHHADH|HADH|AASS|ALDH7A1|AADAT|OGDH|OGDHL|ACAT1|ACAT2|GCDH|PIPOX|DLST|BBOX1|ALDH9A1|TMLHE|EHMT2|SETD1B|SETD2|SETD8|KMT2A|SUV420H1|WHSC1L1|ASH1L|KMT2E|KMT2C|SETMAR|NSD1|SUV39H1|WHSC1|SUV39H2|EHMT1|KMT2D|SETD7|SETDB2|DOT1L|SUV420H2|SETD1A|KMT2B|SETDB1|COLGALT2|COLGALT1|PLOD3|EHMT2|SETD1B|SETD2|SETD8|KMT2A|SUV420H1|WHSC1L1|ASH1L|KMT2E|KMT2C|SETMAR|NSD1|SUV39H1|WHSC1|SUV39H2|EHMT1|KMT2D|SETD7|SETDB2|DOT1L|SUV420H2|SETD1A|KMT2B|SETDB1|PLOD1|PLOD2|PLOD3|EHMT2|SETD1B|SETD2|SETD8|KMT2A|SUV420H1|WHSC1L1|ASH1L|KMT2E|KMT2C|SETMAR|NSD1|SUV39H1|WHSC1|SUV39H2|EHMT1|KMT2D|SETD7|SETDB2|DOT1L|SUV420H2|SETD1A|KMT2B|SETDB1|ALDH2|ALDH1B1|ALDH9A1|ALDH3A2|ALDH7A1|PHYKPL|HYKK,C06181|C05825|C05161|C00877|C01144|C00332|C00024|C00322|C00527|C00489|C00956|C00408|C00450|C04076|C03273|C04092|C03239|C00449|C00431|C01672|C05548|C02727|C00047|C00990|C03087|C01142|C01186|C03656|C00739|C02188|C05544|C01211|C05545|C04487|C05546|C03793|C01259|C01181|C00487|C01149|C00037|C06157|C04020|C01028|C03955|C05554|C20333|C05231|C00136|C00164|C03366|C16741
hsa00330,GLS2|GLS|GLUL|CPS1|OTC|ASS1|ASL|ARG1|ARG2|NAGS|ACY1|OAT|PYCR2|PYCR1|PYCRL|LAP3|P4HA3|P4HA1|P4HA2|DAO|PRODH2|PYCR2|PYCR1|PYCRL|ALDH4A1|ALDH4A1|GOT1|GOT2|HOGA1|NOS1|NOS2|NOS3|NOS1|NOS2|NOS3|GATM|GAMT|CKB|CKM|CKMT1B|CKMT2|CKMT1A|GATM|ADC|AGMAT|ODC1|ALDH4A1|ALDH18A1|ALDH18A1|AOC1|ALDH2|ALDH1B1|ALDH9A1|ALDH3A2|ALDH7A1|SRM|AMD1|SMS|SAT2|SAT1|MAOA|MAOB|ALDH2|ALDH1B1|ALDH9A1|ALDH3A2|ALDH7A1|NOS1|NOS2|NOS3|GLUD1|GLUD2|CARNS1|CNDP2|DAO|ALDH4A1|SRM|CNDP1|PRODH|SMOX|L3HYPDH,C03406|C00327|C00062|C00077|C00169|C00025|C00134|C01165|C03912|C00148|C01157|C04281|C05947|C05946|C00048|C00049|C00122|C03296|C03415|C05931|C03287|C00014|C00624|C04133|C01250|C00437|C00064|C01682|C04137|C05945|C05933|C00581|C00300|C02305|C00791|C00533|C02565|C01043|C00213|C00086|C01010|C00011|C00763|C00431|C03564|C01877|C05938|C00022|C00086|C00555|C00334|C15699|C15700|C15767|C00315|C01137|C00750|C00019|C02714|C05936|C02946|C00179|C00436|C03771|C01035|C00012|C01110|C02647|C03078|C00884|C03166|C05932|C03440|C04282|C00433|C05942|C05941|C05939|C18172|C00441|C18174|C03375|C00986|C15532|C18048|C03415|C00223|C18326|C00406|C10497|C04498|C18325|C05147
hsa00340,FTCD|AMDHD1|UROC1|HAL|CNDP2|CARNS1|DDC|HDC|ALDH2|ALDH1B1|ALDH9A1|ALDH3A2|ALDH7A1|MAOA|MAOB|ALDH3A1|ALDH1A3|ALDH3B1|ALDH3B2|AOC1|HNMT|CNDP1|CARNS1|ASPA,C00119|C02739|C02741|C04896|C04916|C04677|C04666|C01267|C01100|C00860|C00049|C01044|C03409|C05133|C05131|C04437|C02835|C05130|C00388|C01929|C01152|C01262|C00386|C00135|C05127|C05135|C03277|C05568|C05571|C05570|C05575|C00785|C05572|C00026|C16673|C16674|C03680|C00439|C05565|C01045|C00025|C05827|C05828|C05829|C20522
hsa00350,TPO|TPO|TPO|FAHD1|GSTZ1|HGD|GOT1|GOT2|MIF|HPD|ALDH3A1|ALDH1A3|ALDH3B1|ALDH3B2|MAOA|MAOB|TYR|TPO|IL4I1|TAT|DDC|AOC2|AOC3|AOX1|FAH|DCT|MAOA|MAOB|ALDH3A1|ALDH1A3|ALDH3B1|ALDH3B2|MAOA|MAOB|COMT|COMT|COMT|ALDH3A1|ALDH1A3|ALDH3B1|ALDH3B2|ADH1A|ADH1B|ADH1C|ADH4|ADH5|ADH6|ADH7|COMT|MAOA|MAOB|PNMT|MAOA|MAOB|DBH|ALDH3A1|ALDH1A3|ALDH3B1|ALDH3B2|COMT|MAOA|MAOB|ALDH3A1|ALDH1A3|ALDH3B1|ALDH3B2|COMT|MAOA|MAOB|DDC|TYR|TH|TYR|AOC2|AOC3|TYR|TYRP1,C06044|C06046|C04186|C04642|C04052|C05600|C00232|C00042|C00164|C00122|C01061|C05596|C05595|C01161|C00642|C05338|C01036|C00530|C00022|C02514|C02167|C00628|C05585|C03672|C03765|C00483|C01179|C05350|C00082|C00146|C04368|C02515|C01060|C02465|C01829|C02442|C03077|C03063|C06201|C06199|C05593|C00544|C04185|C00822|C05604|C01693|C05578|C05579|C00355|C04045|C03758|C05587|C04043|C05581|C01161|C05582|C00547|C05589|C00788|C05588|C05583|C05584|C05580|C05577|C05576|C05594|C01207|C04797|C01850|C04796|C06047|C06048|C17937|C17938|C17935|C17936|C10447|C00811
hsa00360,ALDH3A1|ALDH1A3|ALDH3B1|ALDH3B2|GLYAT|DDC|AOC2|AOC3|MAOA|MAOB|HPD|TAT|GOT1|GOT2|MIF|IL4I1|PRDX6|PAH,C12621|C00084|C00022|C03589|C00596|C00122|C12624|C12623|C12622|C11588|C05853|C02265|C05620|C02763|C00166|C00156|C00811|C01772|C01586|C04044|C00512|C03519|C01198|C05629|C00180|C00079|C05607|C06207|C05852|C04148|C04479|C00042|C00582|C05593|C02505|C00642|C05598|C05332|C07086|C00601|C11457|C00805|C02137|C00512|C15524|C17268|C08301|C18202|C16666|C00630|C00323|C00223|C00755|C08300|C16719|C06866|C07303|C01575|C00406|C02765|C00083|C04351|C00082|C00423|C19975|C19946|C19945|C14144|C14145|C02232|C00091|C00024|C20062|C00024
hsa00380,CAT|EHHADH|HADH|IDO2|IDO1|IL4I1|IDO2|IDO1|CYP1A1|CYP1A2|CYP1B1|ASMT|AANAT|IDO2|IDO1|ASMT|MAOA|MAOB|DDC|DDC|IDO2|IDO1|AFMID|ACAT1|ACAT2|ECHS1|EHHADH|HADHA|GCDH|OGDH|OGDHL|ACMSD|HAAO|KYNU|KMO|KYNU|AFMID|KYNU|TDO2|TPH2|TPH1|AADAT|CCBL2|CCBL1|AADAT|CCBL2|CCBL1|MAOA|MAOB|DDC|MAOA|MAOB|ALDH2|ALDH1B1|ALDH9A1|ALDH3A2|ALDH7A1|AFMID|ALDH2|ALDH1B1|ALDH9A1|ALDH3A2|ALDH7A1|AOX1|MAOA|MAOB|AOC1|INMT|INMT,C05663|C05639|C05652|C05638|C05651|C05648|C02172|C02298|C05658|C02775|C05655|C05654|C05656|C05641|C01111|C01249|C00024|C01717|C01252|C00328|C02700|C00463|C03574|C03230|C02693|C05646|C00643|C00078|C00332|C01144|C00877|C00527|C00322|C02220|C03824|C03722|C04409|C00632|C02470|C05645|C05637|C05636|C03227|C02161|C01987|C05640|C00780|C05634|C05635|C05659|C05647|C00978|C01598|C05643|C05642|C05644|C02043|C00954|C00637|C00398|C05660|C05832|C00955|C05834|C05835|C05831|C05830|C00108|C02938|C05653|C06212|C06213|C03453|C17203|C02937|C16518|C16516|C05837|C00463|C16517|C00331
hsa00400,TAT|IL4I1|PAH|IL4I1|TAT|GOT1|GOT2|GOT1|GOT2,C00279|C00074|C04691|C00944|C00296|C02637|C00230|C00493|C03175|C01269|C00251|C00079|C00119|C00108|C04302|C01302|C03506|C00463|C00078|C00082|C01179|C00254|C00826|C00166|C16850|C00441|C16848|C01094|C00354|C20653|C20654|C20327|C17235|C00587|C20710
hsa00410,ACADM|ECHS1|EHHADH|HADHA|HIBCH|MLYCD|ALDH6A1|ABAT|CARNS1|GAD1|GAD2|SMS|SRM|AOC2|AOC3|ALDH2|ALDH1B1|ALDH9A1|ALDH3A2|ALDH7A1|UPB1|DPYS|DPYD|CARNS1|CARNS1|CNDP1|CARNS1|CNDP1|ALDH3A1|ALDH1A3|ALDH3B1|ALDH3B2|CNDP2|SMOX,C00429|C02642|C00099|C00083|C00024|C00383|C05669|C05670|C01073|C05665|C00986|C00315|C00049|C00750|C00864|C00222|C01013|C05668|C00894|C00100|C02335|C00386|C00135|C05340|C05341|C03722|C00804|C00555|C00334|C01262|C00106
hsa00430,CSAD|GAD1|GAD2|CDO1|ADO|CSAD|GAD1|GAD2|GGT6|GGT1|GGT7|GGT5|BAAT,C00094|C06735|C00041|C00022|C14179|C00227|C00024|C00606|C00519|C01678|C00097|C00506|C00245|C00593|C05123|C01959|C03149|C05844|C05122|C00033|C00025|C00026
hsa00450,TXNRD2|TXNRD3|TXNRD1|SEPHS2|SEPHS1|MARS|MARS2|CCBL2|CCBL1|PSTK|SEPSECS|CTH|SCLY|PAPSS2|PAPSS1|CCBL2|CCBL1|MTR|TXNRD2|TXNRD3|TXNRD1|INMT|CTH,C01528|C05697|C05684|C05172|C06481|C06482|C05689|C05695|C05688|C05699|C05698|C05335|C05690|C05336|C00017|C05703|C02535|C18902|C18904|C16638|C06481|C18870|C18872|C18871|C18893|C05686|C18905|C00041
hsa00460,GGT6|GGT1|GGT7|GGT5|GBA3|GGT6|GGT1|GGT7|GGT5|SHMT1|SHMT2|GBA3|GBA3|GBA3|GBA3,C05670|C01401|C00302|C05714|C00488|C05715|C05711|C00049|C02512|C00152|C00014|C06114|C00065|C00037|C00097|C16074|C08325|C00082|C03004|C15503|C04353|C20310|C20311|C20312|C00407|C20313|C20314|C20315|C00183|C03742|C18796|C02659|C05143|C08334|C01594|C19491|C03219|C00844|C00561|C01326|C00079|C16075|C19712|C19715|C19714
hsa00471,GLUD1|GLUD2|GLS2|GLS|GLS2|GLS,C00064|C00819|C03933|C05723|C00025|C00217|C02671|C00692|C01212|C01050|C02237|C00026
hsa00472,DAO|DAO,C03564|C01110|C03341|C03943|C03771|C00077|C00515|C01667|C00062|C00792
hsa00480,ANPEP|GGT6|GGT1|GGT7|GGT5|GPX6|GPX1|GPX2|GPX3|GPX5|GPX7|GPX8|GPX4|TXNDC12|G6PD|IDH1|IDH2|GSS|GCLC|GCLM|GGT6|GGT1|GGT7|GGT5|ANPEP|OPLAH|GGCT|GGT6|GGT1|GGT7|GGT5|GGCT|GSTO2|GSTA5|GSTA1|GSTA2|GSTA3|GSTA4|GSTM1|GSTM2|GSTM3|GSTM4|GSTM5|GSTP1|GSTT1|GSTT2|GSTK1|MGST1|MGST2|MGST3|GSTT2B|GSTO1|GSR|PGD|ODC1|SRM|SMS|SRM|RRM2B|RRM1|RRM2|RRM2B|RRM1|RRM2|LAP3|LAP3,C00024|C00151|C01879|C00097|C00025|C00037|C01419|C03740|C00051|C00669|C03646|C00127|C00005|C00006|C01322|C02320|C05730|C00025|C05729|C00037|C05726|C05727|C00077|C00134|C00315|C02090|C03170|C00005|C00006|C05422|C00072|C16664|C16663|C00750|C16562|C16563|C16564|C01672|C16565|C16566|C16567|C16568
hsa00500,GBA3|GBA3|HK1|HK2|HK3|HKDC1|GAA|GANC|MGAM|SI|GBA3|UXS1|ENPP1|ENPP3|PGM2L1|UGDH|UGP2|UGT2B11|UGT2A1|UGT2B28|UGT1A10|UGT1A8|UGT1A7|UGT1A6|UGT1A5|UGT1A9|UGT1A4|UGT1A1|UGT1A3|UGT2A2|UGT2B4|UGT2B7|UGT2B10|UGT2B15|UGT2B17|UGT2A3|GUSB|KL|GYS1|GYS2|PGM1|PGM2|G6PC|G6PC2|G6PC3|HK1|HK2|HK3|HKDC1|GCK|GPI|AGL|GBE1|TREH|AMY1A|AMY1B|AMY1C|AMY2A|AMY2B|MGAM|GAA|GANC|MGAM|PYGB|PYGL|PYGM|AGL|SI|MGAM|SI,C00092|C00668|C02336|C00181|C02352|C00190|C00714|C00470|C00333|C00617|C05731|C02591|C00089|C00167|C03033|C00191|C00029|C00267|C00031|C00221|C05345|C00668|C00267|C01231|C00501|C00103|C00394|C00965|C00498|C00208|C00721|C01935|C00973|C01172|C00689|C01083|C00663|C00031|C02995|C00089|C01083|C01798|C00718|C00267|C00185|C00095|C00089|C00095|C00185|C06215|C06215|C02013|C06219|C06218|C06217|C06216|C00208|C00252|C16688|C00760|C00760|C20237|C00369
hsa00510,ALG14|DPM3|DPM2|ALG6|ALG12|ALG9|ALG3|MGAT5B|MGAT5|DOLPP1|FUT8|MGAT4C|B4GALT1|B4GALT3|B4GALT2|ST6GAL1|ST6GAL2|MGAT3|MGAT2|MAN2A2|MAN2A1|MAN1A2|MAN1B1|MAN1A1|MAN1C1|MGAT4B|MGAT4A|GANAB|MOGS|ALG11|STT3B|STT3A|ALG5|ALG2|ALG1|ALG13|DPM1|DPAGT1|DOLK|ALG10B|ALG10|ALG12|ALG8|ALG6|ALG11|ALG11|ALG9|ALG9|ALG3|ALG2|ALG2|ALG1|ALG14|ALG13|DPAGT1|MOGS|MAN2A2|MAN2A1|GANAB|GANAB|MAN1A2|MAN1B1|MAN1A1|MAN1C1|MAN1A2|MAN1B1|MAN1A1|MAN1C1|MAN1A2|MAN1B1|MAN1A1|MAN1C1|MAN1A2|MAN1B1|MAN1A1|MAN1C1|MAN2A2|MAN2A1|MGAT5B|MGAT5|MGAT4B|MGAT4A|ST6GAL1|ST6GAL2|MGAT2|FUT8|MGAT4C|B4GALT1|B4GALT3|B4GALT2|MGAT3|ST6GAL1|ST6GAL2|B4GALT1|B4GALT3|B4GALT2|MGAT1|DAD1|DDOST|RPN1|RPN2|TUSC3|ALG2|ALG11|ALG9|ALG8|ALG10B|ALG10|GANAB|MGAT1,G10596|G00022|G00021|G00020|G00019|G00018|G00017|G00016|G00015|G00014|G00013|G00012|G00011|G00171|G00009|G00008|G00007|G00006|G00005|G00004|G00003|G00002|G00001|C03021|C01246|C03862|C00621|C00381|C00110|G10526|G10595|G10597|G10598|G10599|G00010|C00096
hsa00511,NEU3|NEU4|NEU1|NEU2|GLB1|MAN2B2|MAN2C1|MAN2B1|MAN2C1|MAN2B1|FUCA1|FUCA2|AGA|HEXA|HEXB|NEU3|NEU4|NEU1|NEU2|GLB1|HEXDC|HEXA|HEXB|HEXA|HEXB|MANBA|ENGASE|NEU3|NEU4|NEU1|NEU2|NEU3|NEU4|NEU1|NEU2|NEU3|NEU4|NEU1|NEU2|GLB1|HEXA|HEXB|NEU3|NEU4|NEU1|NEU2|NEU3|NEU4|NEU1|NEU2|NEU3|NEU4|NEU1|NEU2|NEU3|NEU4|NEU1|NEU2|GLB1|GBA|GBA2,
hsa00512,GCNT3|GCNT1|B4GALT5|ST6GALNAC1|ST6GALNAC1|ST3GAL1|ST3GAL2|B3GNT6|POC1B-GALNT4|GALNT6|GALNT5|GALNT13|GALNT15|GALNTL5|GALNT1|GALNT2|GALNT3|GALNT8|GALNT18|GALNTL6|GALNT9|GALNT7|GALNT10|GALNT16|GALNT11|WBSCR17|GALNT14|GALNT12|GALNT4|C1GALT1C1|C1GALT1|GCNT1|GCNT4|GCNT3|B4GALT5|ST6GALNAC1|ST3GAL1|ST3GAL2|B3GNT6|POC1B-GALNT4|GALNT6|GALNT5|GALNT13|GALNT15|GALNTL5|GALNT1|GALNT2|GALNT3|GALNT8|GALNT18|GALNTL6|GALNT9|GALNT7|GALNT10|GALNT16|GALNT11|WBSCR17|GALNT14|GALNT12|GALNT4|POC1B-GALNT4|GALNT6|GALNT5|GALNT13|GALNT15|GALNTL5|GALNT1|GALNT2|GALNT3|GALNT8|GALNT18|GALNTL6|GALNT9|GALNT7|GALNT10|GALNT16|GALNT11|WBSCR17|GALNT14|GALNT12|GALNT4|GCNT1|POC1B-GALNT4|GALNT6|GALNT5|GALNT13|GALNT15|GALNTL5|GALNT1|GALNT2|GALNT3|GALNT8|GALNT18|GALNTL6|GALNT9|GALNT7|GALNT10|GALNT16|GALNT11|WBSCR17|GALNT14|GALNT12|GALNT4|POC1B-GALNT4|GALNT6|GALNT5|GALNT13|GALNT15|GALNTL5|GALNT1|GALNT2|GALNT3|GALNT8|GALNT18|GALNTL6|GALNT9|GALNT7|GALNT10|GALNT16|GALNT11|WBSCR17|GALNT14|GALNT12|GALNT4|GCNT3|POC1B-GALNT4|GALNT6|GALNT5|GALNT13|GALNT15|GALNTL5|GALNT1|GALNT2|GALNT3|GALNT8|GALNT18|GALNTL6|GALNT9|GALNT7|GALNT10|GALNT16|GALNT11|WBSCR17|GALNT14|GALNT12|GALNT4|C1GALT1C1|C1GALT1|GCNT1|GCNT4|GCNT3|POC1B-GALNT4|GALNT6|GALNT5|GALNT13|GALNT15|GALNTL5|GALNT1|GALNT2|GALNT3|GALNT8|GALNT18|GALNTL6|GALNT9|GALNT7|GALNT10|GALNT16|GALNT11|WBSCR17|GALNT14|GALNT12|GALNT4|C1GALT1C1|C1GALT1|ST6GALNAC1|POC1B-GALNT4|GALNT6|GALNT5|GALNT13|GALNT15|GALNTL5|GALNT1|GALNT2|GALNT3|GALNT8|GALNT18|GALNTL6|GALNT9|GALNT7|GALNT10|GALNT16|GALNT11|WBSCR17|GALNT14|GALNT12|GALNT4|POC1B-GALNT4|GALNT6|GALNT5|GALNT13|GALNT15|GALNTL5|GALNT1|GALNT2|GALNT3|GALNT8|GALNT18|GALNTL6|GALNT9|GALNT7|GALNT10|GALNT16|GALNT11|WBSCR17|GALNT14|GALNT12|GALNT4|POC1B-GALNT4|GALNT6|GALNT5|GALNT13|GALNT15|GALNTL5|GALNT1|GALNT2|GALNT3|GALNT8|GALNT18|GALNTL6|GALNT9|GALNT7|GALNT10|GALNT16|GALNT11|WBSCR17|GALNT14|GALNT12|GALNT4,G00034|G00033|G00032|G00031|G00030|G00029|G00028|G00027|G00026|G00025|G00023|G00035|C02189|G10611|G00024
hsa00514,COLGALT2|COLGALT1|PLOD3|B3GALTL|PLOD3|ST6GAL1|ST3GAL3|ST6GAL2|LFNG|MFNG|RFNG|B4GALT1|B4GALT3|B4GALT2|POFUT2|POFUT1|POGLUT1|GXYLT1|GXYLT2|EOGT|OGT|POMT1|POMT2|POMT1|POMT2|POMT1|POMT2|POMT1|POMT2|ST3GAL3|B4GALT1|B4GALT3|B4GALT2|POMGNT1|POMT1|POMT2|B4GALT1|B4GALT3|B4GALT2|FUT9|FUT4|FUT7|POMGNT1|POMT1|POMT2|ST3GAL3|B4GALT1|B4GALT3|B4GALT2|MGAT5B|POMGNT1|POMT1|POMT2|ST3GAL3|B4GALT1|B4GALT3|B4GALT2|CHST10|B3GAT2|B3GAT1|B3GALT4|POMT1|POMT2|POMGNT1,
hsa00520,NAGK|PGM3|UAP1|UAP1L1|GNE|GNE|NANS|NANP|GNPDA1|GNPDA2|AMDHD2|GFPT1|GFPT2|NANS|RENBP|HEXA|HEXB|CHIT1|CHIA|NPL|HK1|HK2|HK3|HKDC1|CHIT1|CHIA|HK1|HK2|HK3|HKDC1|CMAS|CYB5R3|CYB5R2|CYB5R1|CMAS|GALT|GALE|UGDH|UXS1|MPI|PMM1|PMM2|PGM1|PGM2|HK1|HK2|HK3|HKDC1|GALK1|GALK2|GMPPB|GMPPA|FPGT|FUK|PGM1|PGM2|HK1|HK2|HK3|HKDC1|GMDS|TSTA3|GPI|HK1|HK2|HK3|HKDC1|UGP2|GCK|GCK,C00357|C00140|C04501|C00043|C00645|C04257|C06241|C05345|C00352|C06156|C13952|C06240|C04631|C01050|C16698|C02713|C00270|C00128|C03410|C03691|C00999|C00996|C04573|C06023|C00461|C00734|C01674|C00329|C00203|C00329|C00140|C02336|C00461|C01170|C20395|C20359|C19725|C19745|C19823|C19961|C19971|C19972|C20082|C20083|C02199|C17328|C04089|C00029|C00191|C05385|C00167|C00333|C04037|C00617|C00190|C00935|C00668|C00267|C16155|C16153|C16154|C16156|C00259|C03906|C03737|C11521|C01623|C00976|C00394|C00668|C00267|C04297|C03598|C03599|C00446|C00052|C00984|C00103|C00159|C00636|C00096|C00103|C00325|C02985|C01019|C03117|C02977|C01222|C02280|C15925|C01788|C17327|C00031|C00275|C00159|C01019|C00031|C01219|C00498|C00714|C02474|C00181|C02352|C02330|C17326|C00501|C20638|C20672|C04613|C04630|C20357|C20424|C20418|C20419
hsa00524,HK1|HK2|HK3|HKDC1|GCK,C00031|C00092|C17209|C17580|C17581|C02627|C17582|C01743|C17583|C01441|C18004|C01759|C17587|C00043|C17588|C17589|C15652|C01737|C18005|C17586|C17585|C00229|C00025|C18006|C18007|C18008|C18009|C01847|C00061|C20353|C20350|C00304|C20351
hsa00531,SGSH|HPSE2|HPSE|GNS|IDS|IDS|GALNS|IDUA|IDUA|ARSB|GLB1|HYAL4|HYAL1|HYAL3|HYAL2|HGSNAT|HEXA|HEXB|HYAL4|HYAL1|HYAL3|HYAL2|NAGLU|HEXA|HEXB|GUSB|GNS|HYAL4|HYAL1|HYAL3|HYAL2|ARSB|GUSB|GALNS|HYAL4|HYAL1|HYAL3|HYAL2|GUSB|IDS|IDUA|NAGLU|GUSB|IDS|IDUA|NAGLU|HPSE|HPSE2|SGSH|HEXA|HEXB|GNS|GLB1|GALNS|GLB1|HEXA|HEXB|GNS,G08421|G13033|G06780|G13032|G13031|G02632|G09660|G13040|G13039|G13038|G13037|G13036|G13035|G13034|G00872|G13043|G12336|G13042|G13041|C00925|C00426|C00634|C00573
hsa00532,B3GAT3|XYLT1|XYLT2|B4GALT7|CHSY1|CHSY3|CSGALNACT2|CSGALNACT1|CHPF|CHSY1|CHSY3|CHPF2|CHPF|CSGALNACT2|CSGALNACT1|B3GAT3|B3GALT6|B4GALT7|XYLT1|XYLT2|CHSY1|CHSY3|CHPF2|CSGALNACT2|CSGALNACT1|CHPF|CHSY1|CHSY3|CHPF2|CHPF|CHST13|CHST11|CHST12|CHST7|CHST3|CHST15|UST|DSE|UST|B3GALT6|CSGALNACT2|CSGALNACT1|CHSY1|CHSY3|CHPF2|CHPF|CHSY1|CHSY3|CSGALNACT2|CSGALNACT1|CHPF|DSE|UST|CHST15|CHST14|CHST7|CHST3|CHST12,C00054|C00053|G00160|G00159|G00158|G00157|G00156|G00155|G00154|C02189|C00401|C01490|C00054|C00053
hsa00533,B3GNT2|B3GNT1|B4GALT1|B4GALT3|B4GALT2|ST3GAL3|B4GALT1|B4GALT3|B4GALT2|B3GNT2|B3GNT1|B4GALT1|B4GALT3|B4GALT2|B4GALT4|B3GNT7|B4GALT4|FUT8|CHST1|CHST6|CHST1|B3GNT2|B3GNT1|ST3GAL1|ST3GAL2|B4GALT1|B4GALT3|B4GALT2|B3GNT2|B3GNT1|B4GALT1|B4GALT3|B4GALT2|B4GALT4|B3GNT7|B4GALT4|CHST4|CHST2|CHST4|CHST2|CHST1,
hsa00534,EXTL2|EXTL3|XYLT1|XYLT2|EXT1|EXT2|NDST1|NDST4|NDST2|NDST3|HS3ST2|HS3ST1|HS6ST2|HS3ST1|HS3ST3B1|HS3ST3A1|HS3ST2|HS6ST1|GLCE|B4GALT7|HS2ST1|EXT1|EXT2|EXTL1|EXTL3|GLCE|B3GALT6|B3GAT3|EXTL2|EXTL3|EXT1|EXT2|EXTL1|EXTL3|EXT1|EXT2|EXT1|EXT2|EXT1|EXT2|HS2ST1|HS6ST1|HS6ST3|HS6ST3|HS6ST3|NDST1|NDST4|NDST2|NDST3|HS3ST5|HS3ST3B1|HS3ST3A1|HS3ST3B1|HS3ST3A1,G00164|G00163|G00162|G00157|C00054|C00053|C00033
hsa00561,CEL|PNLIPRP3|LIPC|PNLIP|PNLIPRP1|PNLIPRP2|PNPLA2|PNPLA3|LIPF|LIPG|MOGAT3|DGAT2|DGAT1|LPIN1|LPIN3|PPAP2A|PPAP2C|PPAP2B|LPIN2|CEL|PNLIPRP3|LIPC|PNLIP|PNLIPRP1|PNLIPRP2|PNPLA2|PNPLA3|LIPF|LIPG|AGPAT1|AGPAT2|MBOAT2|MBOAT1|LCLAT1|AGPAT3|AGPAT4|AGK|MGLL|AGPAT6|GPAT2|GPAM|AGPAT9|DAK|GK|GK2|AKR1B1|AKR1B10|ALDH2|ALDH1B1|ALDH9A1|ALDH3A2|ALDH7A1|GLYCTK|AKR1A1|LPL|GLA|DGKA|DGKB|DGKG|DGKH|DGKQ|DGKZ|DGKE|DGKD|DGKI,C00422|C00641|C00111|C00093|C00197|C00258|C00577|C00184|C00116|C00029|C00040|C00162|C11521|C00681|C00416|C05401|C00040|C13508|C04872|C00040|C06037|C06038|C04315|C06040|C06041|C03692|C04046|C01885|C02457|C00969
hsa00562,PIP4K2A|PIP4K2C|PIP4K2B|INPP5B|OCRL|INPP5E|SYNJ1|SYNJ2|IPMK|IPMK|PTEN|INPP5J|INPP5A|INPP5K|ITPKA|ITPKB|ITPKC|ITPK1|ITPK1|ITPK1|INPP5J|INPP5A|INPP5K|INPP1|INPP1|INPP4A|INPP4B|MTM1|ISYNA1|IMPA1|IMPA2|IMPAD1|IMPA1|IMPA2|IMPAD1|MIOX|PI4KA|PI4KB|PI4K2B|PI4K2A|PIP5KL1|PIP5K1C|PIP5K1A|PIP5K1B|PIK3C3|MTM1|IMPA1|IMPA2|IMPAD1|PLCD3|PLCB1|PLCE1|PLCB2|PLCB3|PLCB4|PLCD1|PLCG1|PLCG2|PLCD4|PLCZ1|IPPK|PIK3CA|PIK3CB|PIK3CD|PIK3CG|ALDH6A1|TPI1|PIKFYVE|CDIPT|INPP4A|INPP4B|PIK3C2A|PIK3C2B|PIK3C2G|INPP5D|INPPL1,C11557|C11555|C01272|C01204|C01245|C01243|C01284|C04520|C04563|C04477|C04579|C04063|C04062|C01220|C00092|C04006|C03546|C00191|C01177|C04549|C04637|C01277|C05981|C01194|C00641|C03659|C03660|C00691|C04287|C16737|C06892|C06893|C00222|C00024|C00111|C00118|C11556|C11554|C20251|C00137|C19891|C06153|C19794|C19799
hsa00563,PIGY|DPM2|PIGQ|PIGP|PIGH|PIGC|PIGX|PIGU|PIGT|PIGS|PIGM|PIGF|PIGL|PIGK|PIGB|GPAA1|PGAP1|PIGN|PIGA|GPLD1|PIGO|PIGW|PIGV|PIGZ|PIGB|PIGV|PIGM|PIGA|PIGO|PIGG|PIGN|PIGK,G13045|G12396|G00145|G00143|G00144|G00146|G13046|G00147|C00350|G13044|G00149|G00148|C00350|G10617|C00154|G10610|C01194
hsa00564,PTDSS2|PTDSS1|GNPAT|LPCAT3|LPCAT4|LPCAT2|LPCAT1|CEPT1|CHPT1|PCYT1A|PCYT1B|CHKA|CHKB|ACHE|CHAT|PCYT2|CHKA|CHKB|ETNK2|ETNK1|PLA2G16|PLA2G4B|PLA2G16|PLA2G4E|PLB1|PLA2G4F|PLA2G2D|PLA2G4D|PLA2G2E|PLA2G2C|PLA2G3|PLA2G1B|PLA2G2A|PLA2G4A|PLA2G5|PLA2G2F|PLA2G12A|PLA2G6|PLA2G10|PLA2G12B|PLA2G4C|JMJD7-PLA2G4B|DGKA|DGKB|DGKG|DGKH|DGKQ|DGKZ|DGKE|DGKD|DGKI|LPIN1|LPIN3|PPAP2A|PPAP2C|PPAP2B|LPIN2|PLD4|PLD1|PLD2|PLA2G16|PLD4|PLD1|PLD2|PLA2G4B|PLA2G16|PLA2G4E|PLB1|PLA2G4F|PLA2G2D|PLA2G4D|PLA2G2E|PLA2G2C|PLA2G3|PLA2G1B|PLA2G2A|PLA2G4A|PLA2G5|PLA2G2F|PLA2G12A|PLA2G6|PLA2G10|PLA2G12B|PLA2G4C|JMJD7-PLA2G4B|AGPAT1|AGPAT2|MBOAT2|MBOAT1|LCLAT1|AGPAT3|AGPAT4|CDIPT|PLA2G16|AGPAT6|GPAT2|GPAM|AGPAT9|GPD1L|GPD1|GPD2|LCAT|CEPT1|EPT1|LYPLA1|PNPLA6|PLB1|PNPLA7|LPCAT3|MBOAT2|MBOAT1|LPCAT4|PNPLA6|LYPLA2|PLB1|PNPLA7|CDS1|CDS2|PNPLA6|LYPLA2|PLB1|PNPLA7|ADPRM|PISD|LYPLA1|PNPLA6|PLB1|PLA2G15|PNPLA7|PEMT|PGS1|CRLS1|LCLAT1|AGPAT3|AGPAT4|MBOAT7|LCLAT1|TAZ|LCLAT1|LPCAT4|LPCAT2|LPCAT1|LPGAT1|LPCAT3|MBOAT2|MBOAT1|LPCAT4|PEMT|PEMT|ETNPPL,C06771|C06772|C00084|C00641|C01996|C04230|C00307|C00588|C00114|C00157|C00570|C01233|C00344|C03892|C00641|C01210|C13482|C03974|C00093|C00111|C00189|C03872|C00093|C00269|C01194|C00513|C00681|C00416|C00093|C03372|C05973|C04438|C05976|C00040|C05980|C05974|C02737|C00350|C00040|C01241|C00670|C00040|C00346|C04308|C00040|C04233|C03819|C18129|C18126|C18125|C18168|C18169|C00623|C04590|C04638|C18059|C20466|C20518
hsa00565,AGPS|PPAP2A|PPAP2C|PPAP2B|CEPT1|CHPT1|CEPT1|EPT1|CEPT1|CHPT1|PAFAH1B1|PAFAH1B2|PAFAH1B3|PAFAH2|PLA2G7|PLA2G4B|PLA2G16|PLA2G4E|PLB1|PLA2G4F|PLA2G2D|PLA2G4D|PLA2G2E|PLA2G2C|PLA2G3|PLA2G1B|PLA2G2A|PLA2G4A|PLA2G5|PLA2G2F|PLA2G12A|PLA2G6|PLA2G10|PLA2G12B|PLA2G4C|JMJD7-PLA2G4B|LPCAT2|LPCAT1|LPCAT4|LPCAT2|LPCAT1|PLA2G4B|PLA2G16|PLA2G4E|PLB1|PLA2G4F|PLA2G2D|PLA2G4D|PLA2G2E|PLA2G2C|PLA2G3|PLA2G1B|PLA2G2A|PLA2G4A|PLA2G5|PLA2G2F|PLA2G12A|PLA2G6|PLA2G10|PLA2G12B|PLA2G4C|JMJD7-PLA2G4B|LPCAT4|CEPT1|EPT1|PLD4|PLD1|PLD2|ENPP6,C15647|C15646|C15645|C02773|C01264|C04756|C04317|C01233|C03968|C03201|C04635|C03820|C04598|C03372|C03715|C05212|C04361|C04517|C03454|C00670|C00958|C04475|C05977
hsa00590,EPHX2|EPHX2|EPHX2|EPHX2|CYP2B6|CYP2J2|CYP2B6|CYP2C9|CYP2J2|CYP2B6|CYP2C8|CYP2C9|CYP2J2|CYP2B6|CYP2C8|CYP2C9|CYP2J2|CYP2J2|CYP2J2|CYP2C8|CYP2J2|CYP2C8|CYP2J2|ALOX15B|ALOX12B|CYP2U1|GPX6|GPX1|GPX2|GPX3|GPX5|GPX7|GPX8|CYP2U1|CYP4F3|CYP4F2|CYP4A11|GPX6|GPX1|GPX2|GPX3|GPX5|GPX7|GPX8|ALOX12|ALOX15|ALOX15B|PTGS1|PTGS2|PLA2G4B|PLA2G16|PLA2G4E|PLB1|PLA2G4F|PLA2G2D|PLA2G4D|PLA2G2E|PLA2G2C|PLA2G3|PLA2G1B|PLA2G2A|PLA2G4A|PLA2G5|PLA2G2F|PLA2G12A|PLA2G6|PLA2G10|PLA2G12B|PLA2G4C|JMJD7-PLA2G4B|ALOX5|ALOX5|LTA4H|CYP4F3|CYP4F2|LTC4S|GGT6|GGT1|GGT7|GGT5|PTGS1|PTGS2|PTGIS|PTGES3|PTGES2|PTGES|TBXAS1|AKR1C3|HPGDS|PTGDS|CBR1|CBR3|CBR1|CYP2J2|FAM213B|CYP4A11|CYP2C19|CYP4F8|CYP2E1,C03577|C14811|C14809|C14810|C14808|C14807|C14777|C14812|C14822|C14820|C14780|C14821|C14779|C14823|C14776|C04822|C14824|C14748|C14749|C14795|C14794|C13809|C14772|C14773|C14774|C14775|C14768|C14769|C14770|C14771|C14778|C14732|C14782|C14814|C14781|C14813|C14815|C04577|C04742|C06315|C06314|C04805|C00219|C02198|C00157|C02165|C00909|C05356|C02166|C01312|C00584|C00639|C00427|C05957|C14717|C05966|C05965|C05956|C05949|C04853|C05950|C05951|C05952|C05963|C05964|C05958|C00696|C05959|C05960|C05953|C05955|C05954|C05961|C05962|C06462
hsa00591,CYP1A2|CYP1A2|ALOX15|PLA2G4B|PLA2G16|PLA2G4E|PLB1|PLA2G4F|PLA2G2D|PLA2G4D|PLA2G2E|PLA2G2C|PLA2G3|PLA2G1B|PLA2G2A|PLA2G4A|PLA2G5|PLA2G2F|PLA2G12A|PLA2G6|PLA2G10|PLA2G12B|PLA2G4C|JMJD7-PLA2G4B|CYP2C19|CYP2C8|CYP2C9|CYP2J2|CYP2E1|CYP3A4|CYP2C19|CYP2C8|CYP2C9|CYP2J2|CYP2E1|CYP3A4,C04717|C14833|C14832|C14766|C14765|C14767|C14833|C14835|C14832|C14834|C14828|C14825|C14827|C00219|C00157|C14831|C07338|C14826|C01595|C06426|C07289|C14762|C04056|C07354|C14829|C03242|C14837|C14836|C20186|C19937
hsa00592,ACOX1|ACOX3|ACOX1|ACOX3|ACAA1|ACAA1|ACAA1|ACOX1|ACOX3|PLA2G4B|PLA2G16|PLA2G4E|PLB1|PLA2G4F|PLA2G2D|PLA2G4D|PLA2G2E|PLA2G2C|PLA2G3|PLA2G1B|PLA2G2A|PLA2G4A|PLA2G5|PLA2G2F|PLA2G12A|PLA2G6|PLA2G10|PLA2G12B|PLA2G4C|JMJD7-PLA2G4B|FADS2|PLA2G16,C11512|C16318|C08491|C16317|C16339|C16338|C16336|C16335|C16334|C16332|C16331|C16330|C16325|C16327|C16328|C16300|C16309|C16326|C04672|C01226|C16319|C04780|C16311|C16316|C16322|C16345|C00157|C16344|C16323|C16324|C16321|C16342|C16341|C16308|C16320|C06427|C16343|C16346|C16310|C04785
hsa00600,ACER3|SGPP2|SGPP1|SGPP2|SGPP1|SGPP2|SGPP1|ASAH1|ASAH2|ASAH1|ASAH2|CERS3|CERS6|CERS2|CERS4|CERS5|DEGS2|DEGS1|ENPP7|SMPD3|SMPD4|SMPD1|SMPD2|CERS3|CERS6|CERS2|CERS4|CERS5|CERK|PPAP2A|PPAP2C|PPAP2B|PPAP2A|PPAP2C|PPAP2B|PPAP2A|PPAP2C|PPAP2B|SPTLC1|SPTLC3|SPTLC2|KDSR|GAL3ST1|GLA|GAL3ST1|NEU3|NEU4|NEU1|NEU2|UGT8|GLB1|GBA|GBA2|UGCG|ACER1|ACER2|ASAH1|ASAH2|SPHK2|SPHK1|SPHK2|SPHK1|SGPL1|SGPL1|GALC|ARSA|B4GALT6|SGMS2|SGMS1,C00836|C12144|C12145|C12126|C01290|C06124|C01190|C01120|C00346|C06062|C05681|C02934|C00065|C00154|C00319|C00195|C02686|C01747|C03640|C02960|C00550|C06125|C06128|C06126|C06127
hsa00601,B3GNT3|FUT9|FUT9|FUT9|FUT9|FUT4|FUT3|FUT5|FUT6|FUT3|FUT5|FUT6|FUT3|FUT5|FUT6|FUT3|FUT5|FUT6|FUT3|FUT5|FUT6|B4GALT4|B4GALT3|B4GALT4|B4GALT3|B4GALT2|B3GNT3|B3GNT4|FUT4|FUT4|FUT4|FUT4|FUT4|FUT7|FUT4|FUT3|FUT5|FUT6|FUT3|FUT5|FUT6|FUT3|FUT5|FUT6|FUT3|FUT5|FUT6|FUT3|FUT5|FUT6|FUT9|ABO|ABO|FUT1|FUT2|FUT9|FUT4|FUT9|FUT4|ST3GAL6|FUT4|FUT4|ABO|FUT1|FUT2|B3GNT2|B3GNT1|ABO|GCNT2|FUT9|ST8SIA1|FUT3|FUT5|FUT6|ST3GAL6|FUT9|B3GNT2|B3GNT1|B4GALT1|ABO|FUT1|FUT2|FUT1|FUT2|B3GNT5|FUT9|ABO|FUT1|FUT2|ABO|B4GALT1|FUT1|FUT2|B3GALT1|B3GALT2|B3GALT5|FUT1|FUT2|FUT1|FUT2|ABO|FUT3|FUT3|ABO|FUT3|FUT3|ST3GAL3|ST3GAL4|FUT3|ABO|ST3GAL4|ST3GAL3|ABO|FUT3|FUT1|FUT2|B3GALT5|B3GALT2|B3GALT1|FUT3|B3GNT5|ABO|B3GNT3|B3GNT2|B3GNT1|B3GNT4|ST3GAL6|GCNT2|FUT1|FUT2|B3GNT5|FUT9|FUT3|FUT4|FUT5|FUT6|FUT7|B3GNT5|ABO|ST8SIA1|FUT1|FUT2|ABO|FUT9|FUT3|FUT4|FUT5|FUT6|B4GALT1|B4GALT4|B4GALT3|ST3GAL6|B3GNT3|B3GNT2|B3GNT1|FUT9|FUT3|FUT4|FUT5|FUT6|ABO|ABO|FUT1|FUT2|FUT1|FUT2|ABO|FUT1|FUT2,G00078|G00057|G00090|G00091|G00089|G00088|G00087|G00086|G00067|G00085|G00084|G00069|G00064|G00062|G00063|G00066|G00061|G00060|G00083|G00080|G00075|G00074|G00073|G00072|G00071|G00082|G00081|G00079|G00092|G00077|G00068|G00076|G00056|G00055|G00052|G00051|G00050|G00036|G00054|G00059|G00058|G00037|G00038|G00039|G00044|G00040|G00045|G00042|G00043|G00046|G00047|G00048
hsa00603,ST3GAL1|ST3GAL2|B3GALT5|NAGA|A4GALT|HEXA|HEXB|ST8SIA1|FUT9|FUT1|FUT2|GLA|B3GALNT1|GBGT1|ST8SIA1|FUT1|FUT2|GBGT1|B3GALT5|A4GALT|ST3GAL1|ST3GAL2|B3GALNT1|FUT9,G00181|G00107|G00096|G00099|G00100|G00101|G00098|G00097|G00104|G00103|G00102|G00106|G00105|G00094|G00095|G00093|G00092
hsa00604,ST3GAL1|ST3GAL2|GLB1|HEXA|HEXB|ST8SIA1|ST8SIA5|SLC33A1|B3GALT4|B4GALNT1|ST8SIA5|ST6GALNAC6|ST6GALNAC6|ST8SIA5|ST6GALNAC3|ST8SIA1|ST6GALNAC4|ST8SIA5|B3GALT4|SLC33A1|ST3GAL1|ST3GAL2|ST3GAL5|B4GALNT1|B3GALT4|B3GALT4|B4GALNT1|ST3GAL1|ST3GAL2|B4GALNT1|ST6GALNAC6|ST6GALNAC5|B3GALT4|ST8SIA5|ST3GAL1|ST3GAL2|ST6GALNAC3|ST6GALNAC4|ST6GALNAC6|ST6GALNAC5|ST8SIA5|ST8SIA1|ST8SIA1|B4GALNT1|ST3GAL5,G00129|G00128|G00127|G00132|G00131|G00130|G00170|G00122|G00121|G00120|G00119|G00118|G00169|G00168|G00166|G00126|G00167|G00125|G00115|G00092|G00123|G00124|G00112|G00111|G00110|G00109|G00108|G00113|G00114|G00116|G00117
hsa00620,PDHA1|PDHA2|PDHB|PCK1|PCK2|PKLR|PKM|AKR1B1|AKR1B10|AKR1B1|AKR1B10|GLO1|LDHD|HAGH|HAGHL|PC|ME2|ME3|ME1|MDH1|MDH2|LDHAL6A|LDHA|LDHB|LDHC|LDHAL6B|ACSS2|ACSS1|ACOT12|ACSS2|ACSS1|ALDH2|ALDH1B1|ALDH9A1|ALDH3A2|ALDH7A1|ACAT1|ACAT2|ACACA|ACACB|GRHPR|PDHA1|PDHA2|PDHB|DLAT|DLD|ACYP1|ACYP2|FH,C15973|C15972|C16255|C05125|C00111|C05999|C00583|C03248|C00074|C03981|C00058|C00149|C00332|C00024|C00227|C05993|C02504|C02488|C05994|C01251|C00083|C00084|C00033|C00186|C00256|C03451|C00937|C00424|C00546|C00022|C00036|C00068|C00122|C00042
hsa00630,HYI|ACO1|ACO2|HOGA1|AFMID|ACO1|ACO2|HAO2|HAO1|GRHPR|CS|GRHPR|GRHPR|MDH1|MDH2|GLYCTK|PGP|ACAT1|ACAT2|MCEE|PCCA|PCCB|MUT|AGXT|SHMT1|SHMT2|GCSH|CAT|GLUL|MCEE,C00898|C00036|C00158|C00149|C04348|C03548|C00552|C03459|C00975|C01146|C00258|C01182|C00988|C00168|C00266|C01380|C00160|C00048|C00209|C00058|C00011|C02405|C06049|C00798|C00313|C00417|C00311|C00042|C01127|C00022|C01990|C01989|C02123|C03217|C00026|C00888|C00136|C00036|C00332|C03561|C00877|C18026|C18324|C06028|C00683|C00100|C00091|C06027|C00024|C01213|C00037|C00014|C00065|C00197|C00007|C00027|C00025|C00026|C00064|C20238
hsa00640,ALDH6A1|ACACA|ACACB|MLYCD|ABAT|HIBCH|ALDH6A1|ALDH6A1|MCEE|PCCA|PCCB|ECHDC1|ACSS3|ACSS3|ACSS2|ACSS1|ACSS2|ACSS1|LDHAL6A|LDHA|LDHB|LDHC|LDHAL6B|ECHS1|EHHADH|HADHA|ACADM|MUT|SUCLG2|SUCLG1|SUCLA2|SUCLG2|SUCLG1|SUCLA2|ACAT1|ACAT2,C00222|C00804|C01013|C00099|C00083|C02614|C00109|C02876|C00163|C01234|C00186|C00827|C00894|C00100|C00683|C02170|C02335|C05668|C05984|C05989|C05983|C01213|C04225|C00091|C02225|C00042|C04593|C00024|C00132|C01845|C00207|C00164|C00332|C20783|C17530|C00033|C05979|C00479|C00111|C00583|C00424|C05235|C00546|C06002
hsa00650,BDH2|BDH1|OXCT1|OXCT2|AACS|HMGCL|HMGCS1|HMGCS2|ACAT1|ACAT2|EHHADH|HADH|ECHS1|EHHADH|HADHA|ABAT|GAD1|GAD2|ACADS|ALDH5A1|ACSM1|ACSM2A|ACSM4|ACSM2B|ACSM5|ACSM3|L2HGDH,C03046|C01769|C00810|C03044|C06010|C00022|C00042|C00122|C01384|C00497|C02527|C00246|C00136|C01412|C00877|C02411|C03058|C02630|C00026|C00024|C00356|C00332|C00164|C01089|C04546|C03561|C01144|C02331|C06143|C00989|C00232|C00334|C00025|C06142|C06144|C06145|C06146|C00741|C11062|C00091|C20657
hsa00670,FTCD|GART|FTCD|MTHFD2|MTHFD2L|DHFR|DHFRL1|DHFR|DHFRL1|FTCD|MTHFR|MTHFD2|MTHFD2L|MTHFD1|MTHFD1|ST20-MTHFS|MTHFS|AMT|MTFMT|ALDH1L1|ALDH1L2|MTHFD1L|MTHFD1|GART|ATIC|TYMS|MTR|SHMT1|SHMT2|AMT|DHFR|DHFRL1,C00504|C00415|C03479|C00143|C00440|C00664|C00234|C00445|C00101
hsa00730,TPK1|NTPCR|TPK1|NFS1,C00082|C15809|C11437|C15814|C15813|C15812|C15811|C00097|C15810|C03373|C01279|C04556|C04752|C00118|C04327|C01081|C02691|C02892|C00068|C03028|C00378|C05856|C04294|C00037|C00003|C00018|C20246|C00037|C20247|C00022|C20784
hsa00740,TYR|ENPP1|ENPP3|FLAD1|ACP6|ACP1|ACP2|ACP5|ACPP|ACPT|RFK|BLVRB,C15556|C00199|C00044|C01304|C01268|C04454|C04332|C05995|C00472|C00001|C00007|C00530|C04732|C00255|C00474|C01727|C00016|C00061|C18910|C01847|C01352|C03114|C15563
hsa00750,AOX1|PNPO|PNPO|PHOSPHO2|PDXP|PDXK|PHOSPHO2|PDXP|PDXK|PHOSPHO2|PDXP|PDXK|PSAT1|PNPO|PNPO,C00118|C00199|C07335|C00232|C01215|C01270|C04604|C06050|C00971|C00250|C00534|C00647|C00018|C00026|C00217|C00022|C00133|C00627|C00266|C00314|C04773|C04690|C03393|C00279|C11638|C06056|C06051|C06052|C04106|C06054|C06055|C00847
hsa00760,NUDT12|QPRT|ENPP1|ENPP3|NT5C1B-RDH14|NT5C3B|NT5C2|NT5C|NT5E|NT5C3A|NT5M|NT5C1A|NT5C1B|NMRK2|NMRK1|PNP|NMNAT2|NMNAT3|NMNAT1|NMNAT2|NMNAT3|NMNAT1|NADSYN1|NAPRT1|NUDT12|ENPP1|ENPP3|NMNAT2|NMNAT3|NMNAT1|NMNAT2|NMNAT3|NMNAT1|NT5C1B-RDH14|NT5C3B|NT5C2|NT5C|NT5E|NT5C3A|NT5M|NT5C1A|NT5C1B|NMRK2|NMRK1|PNP|NAMPT|BST1|CD38|NNMT|NADK|NNT|AOX1|AOX1|BST1|CD38,C06178|C15523|C00022|C00163|C03652|C00922|C02295|C02930|C16390|C16159|C04226|C16152|C03458|C15987|C03056|C16151|C15986|C01297|C01056|C16150|C00006|C00003|C00857|C00455|C01185|C03722|C00111|C00049|C00122|C01384|C01596|C01059|C01020|C00253|C05380|C02918|C03150|C05840|C05841|C01004|C05843|C05842|C03043|C00153|C19631|C00232|C18232
hsa00770,COASY|ENPP1|ENPP3|PANK1|PANK4|PANK3|PANK2|PPCDC|PANK1|PANK4|PANK3|PANK2|PPCS|PANK1|PANK4|PANK3|PANK2|UPB1|DPYS|DPYD|VNN2|VNN1|BCAT1|BCAT2|COASY|AASDHPPT,C03688|C00022|C00900|C04039|C00141|C00183|C00966|C00522|C00864|C00097|C04352|C01134|C00882|C00054|C00229|C00010|C00831|C00099|C02642|C00429|C00106|C04079|C01053|C01088|C00049|C18911|C03492|C05944
hsa00780,HLCS|HLCS|HLCS|HLCS|HLCS|HLCS|HLCS|HLCS|OXSM|BTD|OXSM,C02656|C01063|C01092|C01909|C01037|C00120|C00047|C05552|C01894|C05921|C06250|C19845|C19846|C01209|C19673|C20372|C20373|C20374|C20375|C20376|C20377|C20378|C20683|C20384|C20385|C20386|C20387|C00086
hsa00785,LIAS|LIPT2|LIAS|LIPT2|LIPT1,C16239|C05752|C00725|C16238|C16236|C16237
hsa00790,SPR|FPGS|FPGS|DHFR|DHFRL1|DHFR|DHFRL1|QDPR|SPR|GCH1|GCH1|GCH1|GCH1|DHFR|DHFRL1|FPGS|GGH|ALPI|ALPL|ALPP|ALPPL2|PTS|MOCS1|MOCS2|PTS,C11355|C00251|C00044|C04895|C03684|C00266|C04244|C00272|C00268|C04874|C00266|C01300|C04807|C00921|C00568|C00415|C00504|C00101|C09332|C03541|C05927|C05926|C05925|C05924|C05923|C05922|C01217|C06148|C06149|C18239|C20239|C20248|C15996|C16675|C18802
hsa00830,ADH1A|ADH1B|ADH1C|ADH4|ADH5|ADH6|ADH7|BCMO1|ALDH1A1|ALDH1A2|AOX1|LRAT|RDH11|RDH5|RETSAT|RPE65|RDH12|RDH11|RDH5|AWAT2|DGAT1|LRAT|AWAT2|DGAT1|CYP26C1|CYP26B1|CYP3A7|CYP3A4|CYP1A1|CYP1A2|CYP26C1|CYP26B1|RDH12|RDH10|RDH8|RDH11|RDH16|DHRS9|DHRS4|DHRS4L2|DHRS4L1|DHRS3|CYP26C1|CYP26B1|CYP2A6|CYP2B6|CYP2S1|CYP3A7|CYP3A7|CYP3A4|CYP1A1|CYP4A11|CYP2A6|CYP2B6|CYP2C8|CYP2C9|CYP2C18|CYP1A1|CYP1A2|CYP3A7|CYP3A4|CYP2A6|CYP2B6|CYP2C8|CYP2C9|CYP2C18|CYP2S1|CYP2A6|CYP2B6|CYP2C8|CYP2C9|CYP2C18|CYP2S1|DHRS4|DHRS4L2|DHRS4L1|AOX1|ALDH1A1|ALDH1A2|UGT2B11|UGT2A1|UGT2B28|UGT1A10|UGT1A8|UGT1A7|UGT1A6|UGT1A5|UGT1A9|UGT1A4|UGT1A1|UGT1A3|UGT2A2|UGT2B4|UGT2B7|UGT2B10|UGT2B15|UGT2B17|UGT2A3|PNPLA4|SDR16C5|HSD17B6,C05917|C00473|C00376|C02094|C00777|C02075...|C00899|C02110|C16682|C16681|C15493|C15492|C00778|C05914|C05915|C05916|C03455|C05916|C11061|C16677|C16678|C16683|C16680|C16679
hsa00860,CPOX|GUSB|UGT2B11|UGT2A1|UGT2B28|UGT1A10|UGT1A8|UGT1A7|UGT1A6|UGT1A5|UGT1A9|UGT1A4|UGT1A1|UGT1A3|UGT2A2|UGT2B4|UGT2B7|UGT2B10|UGT2B15|UGT2B17|UGT2A3|BLVRA|BLVRB|HCCS|COX10|FECH|CP|HEPH|PPOX|UROD|UROS|UROD|HMBS|ALAD|ALAS1|ALAS2|EARS2|EPRS|MMAB|MMAB|COX15|HMOX1|HMOX2,C05774|C16243|C16244|C15670|C15672|C00037|C04122|C12147|C00188|C11851|C11850|C11830|C11829|C05793|C05794|C05789|C05790|C05777|C11630|C05770|C00931|C00032|C00992|C05795|C05787|C06508|C05791|C03194|C06320|C03516|C11538|C00748|C06406|C06509|C06510|C00194|C03114|C04778|C05775|C00541|C02463|C00025|C02987|C03741|C02800|C01024|C05766|C01051|C05767|C05769|C05768|C02469|C14818|C03263|C01079|C14818|C05779|C14819|C03029|C00500|C05913|C05786|C00486|C05912|C14819|C04536|C05772|C06416|C00430|C16242|C11540|C02880|C11545|C05798|C06407|C06505|C17401|C05778|C06507|C05797|C05307|C06319|C11543|C11542|C01708|C05781|C06408|C02139|C06399|C06506|C02823|C06503|C05773|C05785|C00524|C05782|C05783|C05784|C05780|C03179|C00853|C06504|C05306|C02191|C11539|C11832|C11831|C18021|C18022|C18098|C16541|C18151|C16540|C18152|C18154|C18153|C18155|C11242|C18157|C18160|C18162|C18161|C18163|C18156|C11243|C18064
hsa00900,MVK|ACAT1|ACAT2|HMGCS1|HMGCS2|HMGCR|IDI1|IDI2|MVD|PMVK|FDPS|GGPS1|FDPS|GGPS1|GGPS1|DHDDS|PDSS1|PDSS2|FNTA|FNTB|RCE1|ICMT|PCYOX1|PCYOX1|ZMPSTE24,C05859|C00621|C00022|C00024|C00332|C00118|C11434|C11435|C11436|C11453|C11811|C00356|C00418|C01107|C01143|C02321|C00129|C00235|C16521|C00341|C11437|C16826|C04574|C17432|C00448|C04216|C04146|C04145|C01230|C00353|C05427|C18321|C19852|C19853|C04506|C19760|C19691|C03461|C01126|C04748|C20120|C20121|C20345
hsa00910,CA5B|CA14|CA13|CA1|CA2|CA3|CA4|CA5A|CA6|CA7|CA8|CA9|CA12|CPS1|GLUL|GLUD1|GLUD2,C00058|C00488|C00014|C00192|C06058|C00697|C00887|C00533|C00088|C00244|C00726|C01417|C01563|C00288|C00011|C00169|C00244|C00088|C00064|C00025|C00244|C00088|C00014|C00244|C00088|C00244|C00088|C00697|C00887|C00533|C00697|C00014|C00014|C00088|C00244|C00014|C00192|C00014|C00697|C00088|C05361|C00533
hsa00920,SUOX|BPNT1|IMPAD1|PAPSS2|PAPSS1|PAPSS2|PAPSS1|SQRDL|ETHE1|MPST|TST|PAPSS2|PAPSS1|PAPSS2|PAPSS1,C00059|C00094|C00283|C00224|C00054|C00053|C11142|C11145|C11143|C00580|C00409|C04022|C03920|C19692|C01861|C02084|C00320|C00087|C00097|C00979|C00033|C00065|C08276|C00155|C01118|C00042|C00263|C00245|C15521|C00059|C00245|C15521|C00059|C00053|C00224|C00094|C00059|C00224|C00094|C00283|C00059|C00320|C00283|C19692
hsa00970,IARS|IARS2|NARS|NARS2|HARS2|HARS|FARSB|FARS2|FARSA|RARS2|RARS|QARS|CARS2|CARS|GARS|DARS|DARS2|SARS2|SARS|MARS|MARS2|VARS2|VARS|AARS|AARS2|KARS|LARS2|LARS|TARSL2|TARS|TARS2|WARS2|WARS|MTFMT|YARS2|YARS|EPRS|PARS2|EARS2|EPRS|GATC|PET112|QRSL1|GATC|PET112|QRSL1|SARS2|SARS|PSTK|SEPSECS|MT-TE|MT-TQ|MT-TA|MT-TD|MT-TS1|MT-TS2|MT-TT|MT-TN|MT-TG|MT-TC|MT-TM|MT-TV|MT-TL1|MT-TL2|MT-TI|MT-TK|MT-TR|MT-TP|MT-TH|MT-TF|MT-TY|MT-TW,C06113|C02992|C02839|C00078|C03512|C00082|C00188|C00123|C02047|C00407|C03127|C00047|C01931|C00041|C00886|C00183|C02554|C00073|C02430|C00234|C00101|C03294|C00065|C02553|C00049|C02984|C00037|C02412|C00148|C02702|C00097|C03125|C00025|C02987|C00064|C02282|C00062|C02163|C00079|C03511|C00135|C02988|C00152|C03402|C06112|C17022|C06481|C16638|C06482|C16138|C17027|C01005
hsa00980,CYP2E1|CYP2E1|CYP2E1|CYP2E1|CYP2E1|GSTO2|GSTA5|GSTA1|GSTA2|GSTA3|GSTA4|GSTM1|GSTM2|GSTM3|GSTM4|GSTM5|GSTP1|GSTT1|GSTT2|GSTK1|MGST1|MGST2|MGST3|GSTT2B|GSTO1|GSTO2|GSTA5|GSTA1|GSTA2|GSTA3|GSTA4|GSTM1|GSTM2|GSTM3|GSTM4|GSTM5|GSTP1|GSTT1|GSTT2|GSTK1|MGST1|MGST2|MGST3|GSTT2B|GSTO1|CYP2E1|UGT2B11|UGT2A1|UGT2B28|UGT1A10|UGT1A8|UGT1A7|UGT1A6|UGT1A5|UGT1A9|UGT1A4|UGT1A1|UGT1A3|UGT2A2|UGT2B4|UGT2B7|UGT2B10|UGT2B15|UGT2B17|UGT2A3|ALDH3A1|ALDH1A3|ALDH3B1|ALDH3B2|ADH1A|ADH1B|ADH1C|ADH4|ADH5|ADH6|ADH7|GSTO2|GSTA5|GSTA1|GSTA2|GSTA3|GSTA4|GSTM1|GSTM2|GSTM3|GSTM4|GSTM5|GSTP1|GSTT1|GSTT2|GSTK1|MGST1|MGST2|MGST3|GSTT2B|GSTO1|GSTO2|GSTA5|GSTA1|GSTA2|GSTA3|GSTA4|GSTM1|GSTM2|GSTM3|GSTM4|GSTM5|GSTP1|GSTT1|GSTT2|GSTK1|MGST1|MGST2|MGST3|GSTT2B|GSTO1|GSTO2|GSTA5|GSTA1|GSTA2|GSTA3|GSTA4|GSTM1|GSTM2|GSTM3|GSTM4|GSTM5|GSTP1|GSTT1|GSTT2|GSTK1|MGST1|MGST2|MGST3|GSTT2B|GSTO1|EPHX1|GSTO2|GSTA5|GSTA1|GSTA2|GSTA3|GSTA4|GSTM1|GSTM2|GSTM3|GSTM4|GSTM5|GSTP1|GSTT1|GSTT2|GSTK1|MGST1|MGST2|MGST3|GSTT2B|GSTO1|GSTO2|GSTA5|GSTA1|GSTA2|GSTA3|GSTA4|GSTM1|GSTM2|GSTM3|GSTM4|GSTM5|GSTP1|GSTT1|GSTT2|GSTK1|MGST1|MGST2|MGST3|GSTT2B|GSTO1|GSTO2|GSTA5|GSTA1|GSTA2|GSTA3|GSTA4|GSTM1|GSTM2|GSTM3|GSTM4|GSTM5|GSTP1|GSTT1|GSTT2|GSTK1|MGST1|MGST2|MGST3|GSTT2B|GSTO1|GSTO2|GSTA5|GSTA1|GSTA2|GSTA3|GSTA4|GSTM1|GSTM2|GSTM3|GSTM4|GSTM5|GSTP1|GSTT1|GSTT2|GSTK1|MGST1|MGST2|MGST3|GSTT2B|GSTO1|CYP1A1|CYP1A2|GSTO2|GSTA5|GSTA1|GSTA2|GSTA3|GSTA4|GSTM1|GSTM2|GSTM3|GSTM4|GSTM5|GSTP1|GSTT1|GSTT2|GSTK1|MGST1|MGST2|MGST3|GSTT2B|GSTO1|EPHX1|GSTO2|GSTA5|GSTA1|GSTA2|GSTA3|GSTA4|GSTM1|GSTM2|GSTM3|GSTM4|GSTM5|GSTP1|GSTT1|GSTT2|GSTK1|MGST1|MGST2|MGST3|GSTT2B|GSTO1|CYP1A2|EPHX1|CYP3A4|CYP1A2|CYP2A13|AKR7A3|AKR7A2|GSTO2|GSTA5|GSTA1|GSTA2|GSTA3|GSTA4|GSTM1|GSTM2|GSTM3|GSTM4|GSTM5|GSTP1|GSTT1|GSTT2|GSTK1|MGST1|MGST2|MGST3|GSTT2B|GSTO1|AKR7A3|AKR7A2|CYP1A2|CYP1A1|CYP1A1|CYP1A1|GSTO2|GSTA5|GSTA1|GSTA2|GSTA3|GSTA4|GSTM1|GSTM2|GSTM3|GSTM4|GSTM5|GSTP1|GSTT1|GSTT2|GSTK1|MGST1|MGST2|MGST3|GSTT2B|GSTO1|GSTO2|GSTA5|GSTA1|GSTA2|GSTA3|GSTA4|GSTM1|GSTM2|GSTM3|GSTM4|GSTM5|GSTP1|GSTT1|GSTT2|GSTK1|MGST1|MGST2|MGST3|GSTT2B|GSTO1|EPHX1|CYP1B1|EPHX1|SULT2A1|EPHX1|CYP2B6|CYP1A1|CYP1B1|CYP1A1|CYP1B1|EPHX1|GSTO2|GSTA5|GSTA1|GSTA2|GSTA3|GSTA4|GSTM1|GSTM2|GSTM3|GSTM4|GSTM5|GSTP1|GSTT1|GSTT2|GSTK1|MGST1|MGST2|MGST3|GSTT2B|GSTO1|GSTO2|GSTA5|GSTA1|GSTA2|GSTA3|GSTA4|GSTM1|GSTM2|GSTM3|GSTM4|GSTM5|GSTP1|GSTT1|GSTT2|GSTK1|MGST1|MGST2|MGST3|GSTT2B|GSTO1|AKR1C4|AKR1C1|AKR1C2|DHDH|CYP1A1|CYP1A2|HSD11B1|AKR1C4|AKR1C1|AKR1C2|CBR1|CBR3|UGT2B11|UGT2A1|UGT2B28|UGT1A10|UGT1A8|UGT1A7|UGT1A6|UGT1A5|UGT1A9|UGT1A4|UGT1A1|UGT1A3|UGT2A2|UGT2B4|UGT2B7|UGT2B10|UGT2B15|UGT2B17|UGT2A3|CYP2A6|CYP1A1|CYP2A6|CYP2A6|CYP2E1|CYP2E1|CYP2E1|CYP3A4|CYP2A6|CYP2A13|CYP2A13|CYP2D6|CYP2E1|CYP2A6|CYP3A4|CYP2A13|CYP2A13|CYP2A13|CYP2C9|CYP3A4|CYP1B1|CYP2C9|CYP2C9|CYP3A4|CYP1B1|CYP3A4|CYP1B1|CYP3A4|CYP2A6|CYP2B6|CYP2E1|CYP2F1|CYP2S1|CYP1A1|CYP1A2|CYP1A1|CYP1A2|CYP2E1,C14039|C14876|C14875|C14877|C14874|C14873|C14872|C14871|C14870|C11088|C14869|C06899|C07490|C11150|C11149|C14867|C14866|C14868|C14863|C14862|C14865|C14861|C14864|C06755|C14857|C14858|C14860|C11036|C14842|C14844|C14845|C14847|C14846|C14848|C14843|C14453|C14841|C14840|C14040|C14805|C14790|C14803|C14789|C14806|C14801|C14804|C14788|C14802|C14800|C11148|C14839|C19588|C19594|C19591|C19592|C16756|C19585|C19595|C19586|C11278|C19590|C19589|C14853|C14854|C14856|C14855|C14852|C07535|C14851|C14850|C14849|C14556|C19604|C19561|C19489|C19490|C19559|C19562|C19488|C19607|C14784|C06205|C14798|C14797|C03012|C11713|C14783|C14799|C14793|C14792|C00829|C02617|C14791|C14796|C11714|C14785|C14787|C14786|C16453|C19566|C19567|C19568|C19563|C19564|C19565|C19569|C19574|C19577|C19578|C19580|C19581|C19582|C19579|C00745|C19602|C19603|C19605|C19606|C06800|C14859|C06790
hsa00982,ALDH3A1|ALDH1A3|ALDH3B1|ALDH3B2|FMO1|FMO2|FMO3|FMO4|FMO5|CYP3A4|CYP3A4|CYP3A4|CYP3A4|CYP2D6|CYP2D6|CYP3A4|CYP3A4|CYP3A4|CYP1A2|CYP1A2|CYP3A4|CYP3A4|CYP3A4|CYP3A4|CYP3A4|CYP2B6|CYP2C19|CYP2C9|CYP2B6|GSTO2|GSTA5|GSTA1|GSTA2|GSTA3|GSTA4|GSTM1|GSTM2|GSTM3|GSTM4|GSTM5|GSTP1|GSTT1|GSTT2|GSTK1|MGST1|MGST2|MGST3|GSTT2B|GSTO1|ADH1A|ADH1B|ADH1C|ADH4|ADH5|ADH6|ADH7|CYP2D6|UGT2B11|UGT2A1|UGT2B28|UGT1A10|UGT1A8|UGT1A7|UGT1A6|UGT1A5|UGT1A9|UGT1A4|UGT1A1|UGT1A3|UGT2A2|UGT2B4|UGT2B7|UGT2B10|UGT2B15|UGT2B17|UGT2A3|UGT2B11|UGT2A1|UGT2B28|UGT1A10|UGT1A8|UGT1A7|UGT1A6|UGT1A5|UGT1A9|UGT1A4|UGT1A1|UGT1A3|UGT2A2|UGT2B4|UGT2B7|UGT2B10|UGT2B15|UGT2B17|UGT2A3|CYP2B6|CYP2C9|CYP2A6|CYP3A4|CYP3A4|CYP3A4|CYP3A4|CYP2D6|CYP2C19|MAOA|MAOB|MAOA|MAOB|MAOA|MAOB|AOX1|CYP3A4|CYP3A4|CYP2E1|CYP2E1|ADH1A|ADH1B|ADH1C|ADH4|ADH5|ADH6|ADH7|ADH1A|ADH1B|ADH1C|ADH4|ADH5|ADH6|ADH7|ALDH3A1|ALDH1A3|ALDH3B1|ALDH3B2|CYP3A4|UGT2B11|UGT2A1|UGT2B28|UGT1A10|UGT1A8|UGT1A7|UGT1A6|UGT1A5|UGT1A9|UGT1A4|UGT1A1|UGT1A3|UGT2A2|UGT2B4|UGT2B7|UGT2B10|UGT2B15|UGT2B17|UGT2A3|CYP2C19|CYP2C9|CYP3A4|CYP3A4|CYP2B6|CYP2C8|CYP2A6|CYP3A4|CYP3A4|CYP2D6|CYP2D6|CYP2B6|CYP2C9,C16544|D00343...|C16612|C16648|C16649|C16650|D00533...|D00536...|C16595|C16596|C16591|C16549|C16556|C07645|C16572|C16569|C16561|C11004|C16570|C16571|C16548|C16545|C16547|D08559...|C05011|C16546|C16550|C07644|C06754|C07643|C16558|C16559|C01471|C07647|C16552|C07646|C16551|C11583|C16554|C16557|C16555|C06754|D07760...|C16577|C16576|C11785|C16578|D00399...|C16654|C16656|C16658|C16655|C16657|C16652|C16651|C16653|C16584|C16587|C16582|C16592|D08195...|C16659|C16662|C16661|D04716...|C16660|C16605|C16606|C16601|C16603|C07496|C07495|C16602|D00252...|C16610|C16609|C16608|D07704...|C16607|C16586|C16553|C16643|C16550|C07493|C16604|C16560|D08233...|D00358...|D00195...
hsa00983,TPMT|TPMT|TPMT|HPRT1|HPRT1|HPRT1|GMPS|ITPA|XDH|NAT2|NAT1|NAT2|NAT1|UPP2|UPP1|TYMP|DPYD|DPYS|UPB1|UMPS|UCKL1|UCK2|UCK1|TK1|TK2|IMPDH1|IMPDH2|CYP2A6|TYMP|CDA|CES1|CES2|UGT2B11|UGT2A1|UGT2B28|UGT1A10|UGT1A8|UGT1A7|UGT1A6|UGT1A5|UGT1A9|UGT1A4|UGT1A1|UGT1A3|UGT2A2|UGT2B4|UGT2B7|UGT2B10|UGT2B15|UGT2B17|UGT2A3|CYP3A4|GUSB|CES1|CES2|CES1|CES2,D00346...|C04646|D01223...|C07446|C16614|C16615|C16620|C16619|D08603...|C16618|D04931...|D00238...|C16621|C16613|C16617|C16616|C16624|C16625|C07585|C07447|C16623|C16622|C05361|D00584...|D01244...|C16630|C16631|C16632|C16634|C16633|D04197...|C04242|D01309...|C16635|D08086...|C16542|C16543|C11173|C11376
hsa01040,ELOVL2|HSD17B12|PTPLB|PTPLA|PECR|TECR|ACAA1|HADHA|HADHA|ACOX1|ACOX3|ACOT2|ACOT7|ACOT4|BAAT|ACOT1|ACOT2|ACOT7|ACOT4|BAAT|ACOT1|ACOT2|ACOT4|BAAT|ACOT1|ACOT2|ACOT7|ACOT4|ACOT1|ACOT2|ACOT7|ACOT4|ACOT1|ACOT2|ACOT4|ACOT1|ACOT2|ACOT4|ACOT1|ACOT2|ACOT7|ACOT4|ACOT1|ACOT2|ACOT4|ACOT1|ACOT2|ACOT4|ACOT1|ACOT2|ACOT7|ACOT4|ACOT1|ELOVL6|HSD17B12|PTPLB|PTPLA|PECR|TECR|HSD17B12|PTPLB|PTPLA|PECR|TECR|HSD17B12|PTPLB|PTPLA|PECR|TECR|HSD17B12|PTPLB|PTPLA|PECR|TECR|SCD|SCD5|FADS2|FADS2|ELOVL2|HSD17B12|PTPLB|PTPLA|PECR|TECR|ELOVL2|ELOVL5|HSD17B12|PTPLB|PTPLA|PECR|TECR|ELOVL5|HSD17B12|PTPLB|PTPLA|PECR|TECR|ACAA1|HADHA|HADHA|ACOX1|ACOX3|ELOVL6|HSD17B12|PTPLB|PTPLA|PECR|TECR|HSD17B12|PTPLB|PTPLA|PECR|TECR|HSD17B12|PTPLB|PTPLA|PECR|TECR|HSD17B12|PTPLB|PTPLA|PECR|TECR|ELOVL2|ELOVL5|HSD17B12|PTPLB|PTPLA|PECR|TECR|ELOVL5|HSD17B12|PTPLB|PTPLA|PECR|TECR|FADS2|FADS1|FADS2|SCD|SCD5,C16533|C16645|C16645|C03242|C01595|C01530|C00712|C00249|C00219|C08320|C08323|C08316|C08281|C06425|C06426|C06429|C16526|C16527|C16525|C16513|C06428|C16522|C06427|C02050|C16532|C16532|C16531|C16531|C16530|C16530|C00510|C16529|C16529|C16529|C16528|C16528|C16528|C02041|C02041|C02041|C00412|C00154|C16170|C02249|C03595|C03035|C16180|C16169|C16165|C16179|C16162|C16172|C16171|C16173|C16170|C02249|C03595|C16180|C03035|C16168|C16167|C16169|C16165|C16164|C16179|C00510...|C00412...|C00154...|C16163|C02050...|C16162...|C02050...|C00510...|C00412...|C00154...|C16530|C16531|C16532|C16166|C16166
hsa02010,ABCB11|ABCG8|ABCG5|ABCG2|ABCG4|ABCG1|ABCD4|ABCD3|ABCD2|ABCD1|ABCC10|CFTR|ABCC4|ABCC12|ABCC11|ABCC9|ABCC8|ABCC6|ABCC5|ABCC3|ABCC2|ABCC1|ABCB7|ABCB6|ABCB5|ABCB4|ABCB1|ABCB10|ABCB9|ABCB8|TAP2|TAP1|ABCA10|ABCA9|ABCA8|ABCA6|ABCA5|ABCA13|ABCA12|ABCA7|ABCA4|ABCA3|ABCA2|ABCA1,C16421|C01684|C00095|C01487|C00181|C03619|C00259|C00140|C00185|C05402...|C01083...|C00031...|C00794...|C00243...|C00047...|C00064|C00064|C00062...|C00491|C00025|C00151|C04137...|C00025...|C00062|C00135|C00315...|C00183...|C00208...|C00121...|C00089...|C00333...|C00291|C14818...|C06232|C00175|C06228...|C14819|C00038|C00753|C00098|C05776|C00855|C00245|C06232...|C00059...|C01153|C00009|C00093|C00719...|C00719...|C00378|C06767|C01834|C01330|C06706|C06707|C00338|C00032|C06705|C00134|C03557|C16692|C00034|C01667|C00034...|C00038...|C00338|C00288|C00041...|C00086|C00107...|C00051|C15521|C01606|C19609|C00244...|C01279...|C03611...|C00107|C00120|C00120|C05349...|C00491|C00045|C00062...|C00047|C00503|C00379|C00137|C01177|C02273|C01674|C20570...|C00031...|C01083|C01674|C20573|C00116|C01630|C01946|C00865
hsa03008,RAN|XPO1|NMD3|SNORD3B-1|SNORD3A|SNORD3B-2|SNORD3C|MT-RNR1|MT-RNR2|TCOF1|NHP2L1|NOP58|NOP56|FBL|NOP10|NHP2|GAR1|DKC1|FCF1|DROSHA|NAT10|UTP14A|UTP14C|BMS1|RCL1|POP7|RPP30|RPP38|POP4|RPP40|POP1|RPP25L|POP5|RPP25|XRN2|XRN1|GTPBP4|GNL3|GNL2|GNL3L|MDN1|NVL|REXO2|REXO1|NXF1|NXF5|NXF3|NXF2|NXF2B|NXT1|NXT2|MPHOSPH10|IMP4|IMP3|WDR75|UTP15|CIRH1A|HEATR1|WDR43|UTP18|TBL3|UTP6|PWP2|WDR36|WDR3|CSNK2A1|CSNK2A2|CSNK2B|NOL6|LSG1|EFTUD1|RRP7A|RIOK1|SPATA5|RIOK2|AK6|EIF6|EMG1|SBDS|RBM28|NOB1,
hsa03010,FAU|RPL13|RPL28|RPS14|RPS23|RPS18|RPS29|RPS13|RPS11|RPS15|RPS6|RPS8|RPS17|RPS19|RPS24|RPS27L|RPS27|RPS27A|RPS7|RPS10-NUDT3|RPS10|RPS12|RPS21|RPS25|RPS26|RPS28|RPS4X|RPS4Y1|RPS3A|MT-RNR2|MRPL10|MRPL11|RPL3|RPL3L|RPL11|RPL9|RPLP0|RPL12|RPL13A|MRPL13|MRPL2|MRPL3|RPL10A|RPL8|MRPL14|RPL23|RPL27A|MRPL15|RPL5|MRPL18|RPL17|MRPL22|RPL23A|MRPL23|RPL26L1|RPL26|MRPL24|RPL35|MRPL30|RPL7|RPL15|RPL18|RPL19|RPL21|RSL24D1|RPL24|RPL30|RPL39|UBA52|RPL41|RPL36A-HNRNPH2|RPL36AL|RPL36A|RPL31|RPL32|RPL34|RPL35A|RPL37|RPL37A|RPL6|RPL18A|RPL22L1|RPL22|RPL27|RPL29|RPL36|RPL38|RPL4|RPL7A|RPL10L|RPL10|RPL14|MRPL4|MRPL9|MRPL12|RPLP1|RPLP2|MRPL16|MRPL17|MRPL19|MRPL20|MRPL21|MRPL27|MRPL28|MRPL32|MRPL33|MRPL34|MRPL35|MRPL36|MT-RNR1|MRPS5|MRPS7|MRPS9|MRPS10|RPS2|RPS5|RPS15A|RPS16|RPS20|RPSA|RPS3|MRPS11|MRPS12|MRPS14|MRPS15|MRPS17|MRPS6|MRPS16|MRPS18C|MRPS18A|MRPS21|RPS9|MRPS2|MRPL1,
hsa03013,XPOT|RAN|RAN|XPO1|NCBP2|NCBP1|PHAX|CLNS1A|GEMIN2|SMN1|SMN2|DDX20|GEMIN5|GEMIN4|GEMIN8|STRAP|TGS1|GEMIN6|KPNB1|SNUPN|RBM8A|MAGOH|MAGOHB|EIF4A3|CASC3|ACIN1|RNPS1|SAP18|SRRM1|NXF1|NXF5|NXF3|NXF2|NXF2B|PNN|ALYREF|NXT1|NXT2|NCBP2|NCBP1|NUPL1|NUP205|NUP188|NUP62|TPR|NUP153|NUP93|NUP54|NUP50|NUP155|SENP2|NUP98|NUP37|SEC13|NUP160|NUP107|NUP85|SEH1L|NUP98|RAE1|NUP43|NUP133|NUP210|NUP210L|POM121C|POM121L2|POM121|NDC1|NUP214|NUP88|RGPD4|RANBP2|UBE2I|RANGAP1|SUMO4|SUMO3|SUMO2|SUMO1|NUPL2|AAAS|PRMT5|RAN|XPO5|EEF1A1|EEF1A2|RAN|XPO1|NMD3|UPF1|DDX39B|WIBG|EIF1|EIF1B|EIF1AX|EIF1AY|EIF3E|EIF3CL|EIF3A|EIF3B|EIF3C|EIF3D|EIF3F|EIF3G|EIF3H|EIF3I|EIF3J|TRNT1|POP7|RPP30|RPP38|POP4|RPP40|POP1|RPP14|RPP25L|POP5|RPP25|RPP21|ELAC1|ELAC2|THOC1|THOC2|THOC3|THOC5|THOC6|THOC7|PABPC4L|PABPC5|PABPC1|PABPC1L2A|PABPC3|PABPC1L2B|PABPC1L|PABPC4|EIF2S1|EIF2S3|EIF2S2|PAIP1|EIF4A1|EIF4A2|EIF4E|EIF4E1B|EIF4E2|EIF4G1|EIF4G2|EIF4G3|EIF5|UPF2|UPF3A|EIF4B|EIF4EBP1|EIF4EBP2|EIF4EBP3|TACC3|EIF5B|EIF2B1|EIF2B3|EIF2B2|EIF2B5|NUP35|SNORD3B-1|SNORD3A|SNORD3B-2|SNORD3C|CYFIP1|CYFIP2|FMR1|FXR2,C01647|C00044|C00035|C01647|C00044
hsa03015,RBM8A|MAGOH|MAGOHB|EIF4A3|CASC3|ACIN1|RNPS1|SAP18|SRRM1|NXF1|NXF5|NXF3|NXF2|NXF2B|PNN|ALYREF|NXT1|NXT2|NCBP1|UPF3A|DDX39B|WIBG|UPF1|UPF2|UPF3A|SMG1|SMG5|SMG7|SMG6|ETF1|GSPT2|GSPT1|RNGTT|RNMT|NUDT21|PAPOLA|PAPOLB|PAPOLG|PCF11|CLP1|CPSF6|CPSF7|FIP1L1|CPSF3|CPSF2|CPSF1|CPSF4|CSTF1|CSTF2|CSTF2T|CSTF3|SYMPK|NCBP2|BCL2L2-PABPN1|PABPN1L|PABPN1|PABPC4L|PABPC5|PABPC1|PABPC1L2A|PABPC3|PABPC1L2B|PABPC1L|PABPC4|PPP2R3B|PPP2R3C|PPP2CA|PPP2CB|PPP2R1A|PPP2R1B|PPP2R2A|PPP2R2B|PPP2R2C|PPP2R3A|PPP2R5A|PPP2R5B|PPP2R5C|PPP2R5D|PPP2R5E|PPP2R2D|PABPC4L|PABPC5|PABPC1|PABPC1L2A|PABPC3|PABPC1L2B|PABPC1L|PABPC4|HBS1L|PELO|DAZAP1|MSI1|WDR33|WDR82|PPP1CA|PPP1CB|PPP1CC|SSU72,
hsa03018,ENO1|ENO2|ENO3|PNPT1|EXOSC4|EXOSC7|EXOSC1|EXOSC2|TTC37|WDR61|EXOSC1|EXOSC4|DIS3|SKIV2L|EXOSC2|EXOSC7|EXOSC9|EXOSC6|EXOSC8|EXOSC5|EXOSC3|C1D|EXOSC10|MPHOSPH6|PAPD7|PAPD5|ZCCHC7|SKIV2L2|CNOT1|CNOT2|CNOT3|CNOT4|CNOT6L|CNOT6|CNOT7|CNOT8|RQCD1|CNOT10|DCPS|DCP1B|DCP1A|DCP2|LSM1|LSM2|LSM3|LSM4|LSM7|LSM8|XRN1|XRN2|DDX6|EDC3|EDC4|PATL1|PARN|HSPA9|HSPD1|PNPT1|DHX36|TOB1|TOB2|BTG3|BTG4|BTG1|BTG2|PABPC4L|PABPC5|PABPC1|PABPC1L2A|PABPC3|PABPC1L2B|PABPC1L|PABPC4|PAN2|PAN3|NUDT16|DIS3L|PFKL|PFKM|PFKP|ENO1|ENO2|ENO3,
hsa03020,POLR2B|POLR2A|POLR2C|POLR2D|POLR2E|POLR2F|POLR2G|POLR2H|POLR2I|POLR2L|POLR2J2|POLR2J|POLR2J3|POLR2K|POLR3B|POLR3A|POLR3C|POLR3D|POLR1C|POLR3K|POLR1D|POLR3H|POLR3G|POLR3GL|POLR3F|POLR1B|POLR1A|ZNRD1|TWISTNB|POLR1E|POLR3E|POLR1C|POLR1D,
hsa03022,TBPL2|TBP|TBPL1|TAF1L|TAF1|TAF2|TAF3|TAF4|TAF4B|TAF5L|TAF5|TAF6L|TAF6|TAF7L|TAF7|TAF8|TAF9B|TAF9|TAF10|TAF11|GTF2B|GTF2A1L|GTF2A1|GTF2A2|GTF2I|GTF2IRD1|GTF2F1|GTF2F2|ERCC2|GTF2E1|GTF2E2|GTF2H1|GTF2H2|GTF2H2C|GTF2H2D|GTF2H3|GTF2H4|ERCC3|TAF12|TAF13|TAF15|GTF2H5|CDK7|MNAT1|CCNH,
hsa03030,LIG1|FEN1|DNA2|RNASEH2A|RNASEH2B|RFC2|RFC4|RNASEH2C|RFC3|RFC5|PCNA|RPA3|MCM5|POLD4|POLD3|POLE4|POLE3|SSBP1|RNASEH1|MCM2|MCM3|MCM4|POLA1|POLA2|PRIM1|PRIM2|POLD1|POLD2|POLE|POLE2|MCM6|MCM7|RPA1|RPA4|RPA2|RFC1,
