"","Distance","KEGGReference"
"C00583:1,2propanediol",0,"propane1,2diol:1,2propanediol:propyleneglycol"
"C00184:1,3dihydroxyacetone",0,"glycerone:dihydroxyacetone:1,3dihydroxyacetone:1,3dihydroxy2propanone:1,3dihydroxypropan2one"
"C18218:16hydroxypalmitate",0,"16hydroxypalmitate:16hydroxypalmiticacid"
"C05828:1methylimidazoleacetate",1,"methylimidazoleaceticacid:telemethylimidazoleaceticacid:1methyl4imidazoleaceticacid:1methylimidazole4acetate:methylimidazoleacetate"
"C00956:2aminoadipate",0,"2aminoadipate:alphaaminoadipate:alphaaminoadipicacid:2aminoadipicacid:2aminohexanedioate"
"C00330:2'deoxyguanosine",0,"deoxyguanosine:2'deoxyguanosine"
"C05512:2'deoxyinosine",2,"deoxyinosine"
"C05984:2hydroxybutyrate",0,"2hydroxybutanoicacid:2hydroxybutyrate:2hydroxybutyricacid"
"C02630:2hydroxyglutarate",0,"2hydroxyglutarate:alphahydroxyglutarate"
"C02504:2isopropylmalate",4,"alphaisopropylmalate:(2s)2isopropylmalate:(2s)2hydroxy2isopropylsuccinicacid:2isopropylmalicacid:3carboxy3hydroxy4methylpentanoate:3carboxy3hydroxyisocaproate"
"C00631:2phosphoglycerate",1,"2phosphodglycerate:glycerate2phosphate:2phospho(r)glycerate"
"C03672:3(4hydroxyphenyl)lactate",0,"3(4hydroxyphenyl)lactate:4hydroxyphenyllactate:phydroxyphenyllactate:2hydroxy3(4hydroxyphenyl)propanoate"
"C05576:3,4dihydroxyphenethyleneglycol",2,"3,4dihydroxyphenylethyleneglycol"
"C00882:3'dephosphocoenzymea",2,"dephosphocoa:dephosphocoenzymea:3'dephosphocoa"
"C01089:3hydroxybutyrate",6,"(r)3hydroxybutanoate:(r)3hydroxybutanoicacid:(r)3hydroxybutyricacid:betahydroxybutyricacid"
"C00671:3methyl2oxovalerate",10,"(s)3methyl2oxopentanoicacid:(s)3methyl2oxopentanoate:(3s)3methyl2oxopentanoicacid:(3s)3methyl2oxopentanoate"
"C01152:3methylhistidine",0,"n(pi)methyllhistidine:nprosmethyllhistidine:3methylhistidine:1methylhistidine"
"C00197:3phosphoglycerate",0,"3phosphodglycerate:glycerate3phosphate:3phospho(r)glycerate:3phosphoglycerate"
"C02642:3ureidopropionate",0,"3ureidopropionate:3ureidopropanoate:betaureidopropionicacid:ncarbamoylbetaalanine"
"C06804:4acetaminophensulfate",8,"acetaminophen:paracetamol"
"C04295:4androsten3beta,17betadioldisulfate1",13,"androstenediol:androst5ene3beta,17betadiol:3beta,17betadihydroxyandrost5ene:3beta,17betadihydroxy5androstene"
"C01035:4guanidinobutanoate",0,"4guanidinobutanoate:4guanidinobutyricacid"
"C00989:4hydroxybutyrate",3,"4hydroxybutanoicacid:4hydroxybutanoate:4hydroxybutyricacid"
"C00642:4hydroxyphenylacetate",0,"4hydroxyphenylacetate:4hydroxyphenylaceticacid"
"C00233:4methyl2oxopentanoate",0,"4methyl2oxopentanoate:2oxoisocaproate"
"C00429:5,6dihydrouracil",0,"5,6dihydrouracil:dihydro2,4(1h,3h)pyrimidinedione:dihydrouracile:dihydrouracil:5,6dihydro2,4dihydroxypyrimidine:hydrouracil:2,4dioxotetrahydropyrimidine"
"C00431:5aminovalerate",5,"5aminopentanoate:5aminopentanoicacid:5aminovalericacid"
"C00440:5methyltetrahydrofolate",0,"5methyltetrahydrofolate"
"C00170:5methylthioadenosine",0,"5'methylthioadenosine:methylthioadenosine:smethyl5'thioadenosine:5methylthioadenosine:5'deoxy5'(methylthio)adenosine:thiomethyladenosine:mta"
"C14732:5oxoete",0,"5oxoete:(6e,8z,11z,14z)5oxoicosa6,8,11,14tetraenoicacid:5oxoeicosatetraenoicacid:5oxoicosatetraenoicacid"
"C01879:5oxoproline",0,"pidolicacid:5oxoproline:pyroglutamicacid:5pyrrolidone2carboxylicacid:pyroglutamate:5oxolproline:pyroglutamicacid:5pyrrolidone2carboxylicacid"
"C05961:6ketoprostaglandinf1alpha",0,"6ketoprostaglandinf1alpha:6ketoprostaglandinf1a:6ketopgf1alpha:6ketopgf1a"
"C00345:6phosphogluconate",1,"6phosphodgluconate"
"C17337:7alphahydroxy3oxo4cholestenoate",0,"7alphahydroxy3oxo4cholestenoate"
"C03594:7betahydroxycholesterol",4,"7alphahydroxycholesterol:cholest5ene3beta,7alphadiol"
"C02571:acetylcarnitine",1,"oacetylcarnitine:oacetyllcarnitine"
"C00147:adenine",0,"adenine:6aminopurine"
"C00212:adenosine",0,"adenosine"
"C01367:adenosine3'monophosphate",0,"3'amp:3'adenylicacid:3'adenosinemonophosphate:adenosine3'monophosphate:adenosine3'phosphate:amp3'phosphate"
"C00020:adenosine5'monophosphate",0,"amp:adenosine5'monophosphate:adenylicacid:adenylate:5'amp:5'adenylicacid:5'adenosinemonophosphate:adenosine5'phosphate"
"C03794:adenylosuccinate",0,"n6(1,2dicarboxyethyl)amp:n6(1,2dicarboxyethyl)amp:adenylosuccinate:adenylosuccinicacid"
"C06104:adipate",0,"adipate:adipicacid:hexanedioate:hexan1,6dicarboxylate"
"C16527:adrenate",5,"7,10,13,16docosatetraenoicacid:(7z,10z,13z,16z)docosa7,10,13,16tetraenoicacid:adrenicacid"
"C00179:agmatine",0,"agmatine:(4aminobutyl)guanidine"
"C00041:alanine",0,"alanine:2aminopropionicacid:alphaalanine"
"C00993:alanylalanine",1,"alanyldalanine:aladala"
"C05519:allothreonine",0,"allothreonine:allothreonine"
"C02477:alphatocopherol",0,"alphatocopherol:vitamine"
"C00523:androsteronesulfate",7,"androsterone:3alphahydroxy5alphaandrostan17one"
"C01262:anserine",0,"betaalanyln(pi)methyllhistidine:anserine"
"C00474:ribitol",0,"ribitol:adonitol"
"C01904:arabitol",0,"arabitol:arabinitol:arabinol:lyxitol"
"C00532:arabitol",0,"arabitol:arabinol:arabinitol:lyxitol"
"C06425:arachidate",5,"icosanoicacid:eicosanoicacid:arachidicacid"
"C00219:arachidonate",0,"arachidonate:arachidonicacid:(5z,8z,11z,14z)icosatetraenoicacid:cis5,8,11,14eicosatetraenoicacid"
"C00062:arginine",0,"arginine:(s)2amino5guanidinovalericacid:arg"
"C03406:argininosuccinate",0,"n(larginino)succinate:2(nomegalarginino)succinate:argininosuccinate:argininosuccinicacid:arginosuccinicacid"
"C00072:ascorbate",0,"ascorbate:ascorbicacid:ascorbate:ascorbicacid:vitaminc"
"C00152:asparagine",0,"asparagine:2aminosuccinamicacid"
"C00049:aspartate",0,"aspartate:asparticacid:2aminosuccinicacid:asp"
"C00180:benzoate",0,"benzoate:benzoicacid:benzenecarboxylicacid:phenylformicacid:dracylicacid"
"C00099:betaalanine",0,"betaalanine:3aminopropionicacid:3aminopropanoate"
"C00168:betahydroxypyruvate",4,"hydroxypyruvate:hydroxypyruvicacid:3hydroxypyruvate:3hydroxypyruvicacid"
"C00719:betaine",0,"betaine:trimethylaminoacetate:glycinebetaine:n,n,ntrimethylglycine:trimethylammonioacetate"
"C14152:betatocopherol",0,"betatocopherol"
"C00486:bilirubin",0,"bilirubin"
"C01571:caprate",4,"decanoicacid:decanoate:decylicacid:ncapricacid"
"C06423:caprylate",5,"octanoicacid:caprylicacid:octylicacid"
"C00318:carnitine",0,"carnitine:gammatrimethylbetahydroxybutyrobetaine:vitaminbt:3carboxy2hydroxyn,n,ntrimethyl1propanaminiumhydroxide,innersalt:levocarnitine:(r)carnitine"
"C00090:catecholsulfate",7,"catechol:1,2benzenediol:obenzenediol:1,2dihydroxybenzene:brenzcatechin:pyrocatechol"
"C00695:cholate",0,"cholicacid:cholate:3alpha,7alpha,12alphatrihydroxy5betacholanate:3alpha,7alpha,12alphatrihydroxy5betacholanicacid"
"C00187:cholesterol",0,"cholesterol:cholest5en3betaol"
"C00114:choline",0,"choline:bilineurine"
"C00588:cholinephosphate",0,"cholinephosphate:phosphorylcholine:phosphocholine:ophosphocholine"
"C00417:cisaconitate",0,"cisaconitate:cisaconiticacid"
"C07572:citalopram",0,"citalopram"
"C00158:citrate",0,"citrate:citricacid:2hydroxy1,2,3propanetricarboxylicacid:2hydroxytricarballylicacid"
"C00327:citrulline",0,"citrulline:2amino5ureidovalericacid:citrulline"
"C00735:cortisol",0,"cortisol:hydrocortisone:11beta,17alpha,21trihydroxy4pregnene3,20dione:kendall'scompoundf:reichstein'ssubstancem"
"C00762:cortisone",0,"cortisone:17alpha,21dihydroxy4pregnene3,11,20trione:kendall'scompounde:reichstein'ssubstancefa"
"C00300:creatine",0,"creatine:alphamethylguanidinoaceticacid:methylglycocyamine"
"C00791:creatinine",0,"creatinine:1methylglycocyamidine"
"C00097:cysteine",0,"cysteine:2amino3mercaptopropionicacid"
"C01419:cysteinylglycine",0,"cysgly:cysteinylglycine"
"C00491:cystine",0,"cystine:dicysteine:alphadiaminobetadithiolacticacid"
"C00475:cytidine",0,"cytidine"
"C00307:cytidine5'diphosphocholine",0,"cdpcholine:cytidine5'diphosphocholine:citicoline"
"C00055:cytidine5'monophosphate",0,"cmp:cytidine5'monophosphate:cytidylicacid"
"C05822:cytidine3'monophosphate",4,"3'cmp:cytidine3'phosphate"
"C02354:cytosine2',3'cyclicmonophosphate",20,"2',3'cycliccmp"
"C01181:deoxycarnitine",10,"4trimethylammoniobutanoate:butyrobetaine:gammabutyrobetaine"
"C16525:dihomolinoleate",11,"icosadienoicacid:eicosadienoicacid:11,14icosadienoicacid:(11z,14z)icosa11,14dienoicacid:11,14eicosadienoicacid:(11z,14z)eicosa11,14dienoicacid"
"C03242:dihomolinolenate",10,"(8z,11z,14z)icosatrienoicacid:dihomogammalinolenicacid:(z,z,z)8,11,14eicosatrienoicacid:(z,z,z)8,11,14icosatrienoicacid:(z,z,z)8,11,14eicosatrienoate:(z,z,z)8,11,14icosatrienoate:8,11,14eicosatrienoate:8,11,14icosatrienoate"
"C16522:dihomolinolenate",13,"icosatrienoicacid:eicosatrienoicacid:eta:11,14,17icosatrienoicacid:(11z,14z,17z)icosa11,14,17trienoicacid:11,14,17eicosatrienoicacid:(11z,14z,17z)eicosa11,14,17trienoicacid"
"C01026:dimethylglycine",0,"n,ndimethylglycine:dimethylglycine"
"C16533:docosadienoate",10,"13,16docosadienoicacid:(13z,16z)docosa13,16dienoicacid"
"C06429:docosapentaenoate",3,"(4z,7z,10z,13z,16z,19z)docosahexaenoicacid:4,7,10,13,16,19docosahexaenoicacid:docosahexaenoicacid:docosahexaenoate"
"C16513:docosapentaenoate",5,"(7z,10z,13z,16z,19z)docosa7,10,13,16,19pentaenoicacid:docosapentaenoicacid"
"C06428:eicosapentaenoate",5,"(5z,8z,11z,14z,17z)icosapentaenoicacid:(5z,8z,11z,14z,17z)eicosapentaenoicacid:eicosapentaenoicacid:5,8,11,14,17icosapentaenoicacid:(5z,8z,11z,14z,17z)eicosapentaenoate"
"C16526:eicosenoate",5,"icosenoicacid:eicosenoicacid:11icosenoicacid:11eicosenoicacid:(11z)icosenoicacid:(11z)eicosenoicacid:(z)icosa11enoicacid"
"C00788:epinephrine",5,"adrenaline:(r)()adrenaline:(r)()epinephrine:(r)()epirenamine:(r)()adnephrine:4[(1r)1hydroxy2(methylamino)ethyl]1,2benzenediol"
"C05570:ergothioneine",0,"ergothioneine"
"C08316:erucate",5,"erucicacid:(13z)docosenoicacid:cis13docosenoicacid"
"C00503:erythritol",0,"erythritol:erythrol:phycitol:phycite:erythrite"
"C00189:ethanolamine",0,"ethanolamine:aminoethanol:2hydroxyethylamine"
"C00016:flavinadeninedinucleotide",0,"fad:flavinadeninedinucleotide"
"C00095:fructose",0,"fructose:levulose:fruitsugar:arabinohexulose"
"C02336:fructose",0,"betadfructose:betafruitsugar:betadarabinohexulose:betalevulose:fructose"
"C01094:fructose1phosphate",0,"fructose1phosphate"
"C05345:fructose6phosphate",5,"betadfructose6phosphate"
"C01019:fucose",0,"6deoxylgalactose:fucose"
"C00122:fumarate",0,"fumarate:fumaricacid:transbutenedioicacid"
"C00984:galactose",6,"alphadgalactose"
"C00334:gammaaminobutyrate",5,"4aminobutanoate:4aminobutanoicacid:4aminobutyrate:4aminobutyricacid:gammaaminobutyricacid:gaba"
"C00669:gammaglutamylcysteine",0,"gammalglutamyllcysteine:gammaglutamylcysteine:5lglutamyllcysteine:gammaglutamylcysteine"
"C02483:gammatocopherol",0,"gammatocopherol"
"C00818:glucarate",0,"glucarate:glucaricacid:gularicacid:saccharicacid:glucosaccharicacid:glucaricacid:glucarate"
"C00257:gluconate",0,"gluconicacid:gluconate:glucohexonicacid"
"C00031:glucose",0,"glucose:grapesugar:dextrose:glucose:glucopyranose"
"C00267:glucose",6,"alphadglucose"
"C00103:glucose1phosphate",0,"glucose1phosphate:alphadglucose1phosphate:coriester:glucosealpha1phosphate"
"C00668:glucose6phosphate",6,"alphadglucose6phosphate"
"C00092:glucose6phosphate",0,"glucose6phosphate:glucose6phosphate:robisonester"
"C00191:glucuronate",0,"glucuronate:glucuronicacid:glucuronate"
"C00025:glutamate",0,"glutamate:glutamicacid:glutaminicacid:glutamate"
"C00217:glutamate",0,"glutamate:glutamicacid:glutaminicacid:2aminoglutaricacid"
"C00064:glutamine",0,"glutamine:2aminoglutaramicacid"
"C00489:glutarate",0,"glutarate:glutaricacid:pentanedioicacid:1,3propanedicarboxylicacid"
"C00127:glutathione,oxidized",8,"glutathionedisulfide:gssg:oxiglutatione:oxidizedglutathione"
"C00051:glutathione,reduced",8,"glutathione:5lglutamyllcysteinylglycine:n(ngammalglutamyllcysteinyl)glycine:gammalglutamyllcysteinylglycine:gsh:reducedglutathione"
"C00258:glycerate",0,"glycerate:glycerate:(r)glycerate:glycericacid"
"C00116:glycerol",0,"glycerol:glycerin:1,2,3trihydroxypropane:1,2,3propanetriol"
"C00093:glycerol3phosphate",1,"snglycerol3phosphate:glycerophosphoricacid:glycerol1phosphate"
"C01233:glycerophosphoethanolamine",0,"snglycero3phosphoethanolamine:glycerophosphoethanolamine"
"C00670:glycerophosphorylcholine",3,"snglycero3phosphocholine:glycerophosphocholine"
"C00037:glycine",0,"glycine:aminoaceticacid:gly"
"C00160:glycolate",0,"glycolate:glycolicacid:hydroxyaceticacid"
"C03547:glycolate",16,"omegahydroxyfattyacid"
"C00581:guanidinoacetate",0,"guanidinoacetate:guanidinoaceticacid:glycocyamine:namidinoglycine:guanidoaceticacid"
"C00242:guanine",0,"guanine:2amino6hydroxypurine"
"C00387:guanosine",0,"guanosine"
"C01040:gulono1,4lactone",0,"gulono1,4lactone:gulonogammalactone:gammagulonolactone:gulonicacidgammalactone:gulonolactone"
"C00032:heme",0,"heme:haem:protoheme:hemeb:protohemeix"
"C01586:hippurate",0,"hippurate:hippuricacid:nbenzoylglycine:benzoylaminoaceticacid"
"C00388:histamine",0,"histamine:1himidazole4ethanamine:2(4imidazolyl)ethylamine"
"C00135:histidine",0,"histidine:(s)alphaamino1himidazole4propionicacid"
"C00155:homocysteine",0,"homocysteine:2amino4mercaptobutyricacid:homocysteine"
"C00263:homoserine",0,"homoserine:2amino4hydroxybutyricacid"
"C00519:hypotaurine",0,"hypotaurine:2aminoethanesulfinicacid"
"C00262:hypoxanthine",0,"hypoxanthine:purine6ol"
"C00954:indoleacetate",0,"indole3acetate:indole3aceticacid:(indol3yl)acetate:indoleacetate:indoleaceticacid:iaa"
"C02043:indolelactate",0,"indolelactate"
"C00294:inosine",0,"inosine"
"C04006:inositol1phosphate",1,"1dmyoinositol3phosphate:myoinositol3phosphate:myoinositol3phosphate:inositol3phosphate:1dmyoinositol3monophosphate:myoinositol3monophosphate:myoinositol3monophosphate:inositol3monophosphate:1lmyoinositol1phosphate:myoinositol1phosphate"
"C00407:isoleucine",0,"isoleucine:2amino3methylvalericacid"
"C00328:kynurenine",0,"kynurenine:3anthraniloyllalanine"
"C00186:lactate",0,"(s)lactate:lactate:lacticacid"
"C02679:laurate",5,"dodecanoicacid:dodecanoate:dodecylcarboxylate:lauricacid"
"C00123:leucine",0,"leucine:2amino4methylvalericacid:(2s)alpha2amino4methylvalericacid:(2s)alphaleucine"
"C07073:lidocaine",0,"lidocaine"
"C01595:linoleate",0,"linoleate:linoleicacid:(9z,12z)octadecadienoicacid:9cis,12cisoctadecadienoate:9cis,12cisoctadecadienoicacid"
"C06427:linolenate[alphaorgamma;]",15,"(9z,12z,15z)octadecatrienoicacid:alphalinolenicacid:9,12,15octadecatrienoicacid:linolenate:alphalinolenate"
"C05793:urobilin",0,"urobilin:stercobilin:stercobilin"
"C00047:lysine",0,"lysine:lysineacid:2,6diaminohexanoicacid"
"C00149:malate",0,"(s)malate:malate:appleacid:malicacid:2hydroxybutanedioicacid:malate:malicacid"
"C00208:maltose",0,"maltose:maltsugar:alphadglucopyranosyl(1>4)dglucopyranose"
"C01835:maltotriose",0,"maltotriose:amylotriose"
"C00159:mannose",0,"mannose:mannose:seminose:carubinose"
"C00275:mannose6phosphate",0,"mannose6phosphate"
"C07151:metformin",0,"metformin"
"C00073:methionine",0,"methionine:methionine:2amino4methylthiobutyricacid"
"C00137:myoinositol",0,"myoinositol:myoinositol:1dmyoinositol:myoinositol:1lmyoinositol:mesoinositol:inositol:dambose:cyclohexitol:meatsugar:biosi"
"C06424:myristate",5,"tetradecanoicacid:tetradecanoate:myristicacid"
"C05842:n1methyl2pyridone5carboxamide",0,"n1methyl2pyridone5carboxamide:n'methyl2pyridone5carboxamide:1methyl5carboxylamide2pyridone"
"C02727:n6acetyllysine",1,"n6acetylllysine"
"C03793:n6trimethyllysine",7,"n6,n6,n6trimethylllysine"
"C01042:nacetylaspartate",1,"nacetyllaspartate:nacetyllasparticacid"
"C12270:nacetylaspartylglutamate",0,"nacetylaspartylglutamate:naag:isospaglumicacid:nacetyllaspartyllglutamate"
"C00140:nacetylglucosamine",1,"nacetyldglucosamine:nacetylchitosamine:2acetamido2deoxydglucose:glcnac"
"C00357:nacetylglucosamine6phosphate",1,"nacetyldglucosamine6phosphate"
"C00270:nacetylneuraminate",0,"nacetylneuraminate:nacetylneuraminicacid:5acetamido3,5dideoxydglycerodgalacto2nonulosonicacid:neu5ac"
"C00437:nacetylornithine",0,"nacetylornithine:n2acetyllornithine"
"C03519:nacetylphenylalanine",1,"nacetyllphenylalanine"
"C08323:nervonate",5,"(15z)tetracosenoicacid:nervonicacid:(z)15tetracosenoicacid"
"C00153:nicotinamide",0,"nicotinamide:nicotinicacidamide:niacinamide:vitaminpp"
"C00003:nicotinamideadeninedinucleotide",0,"nad+:nad:nicotinamideadeninedinucleotide:dpn:diphosphopyridinenucleotide:nadide:betanad+"
"C00004:nicotinamideadeninedinucleotidereduced",14,"nadh:dpnh:reducednicotinamideadeninedinucleotide"
"C00455:nicotinamideribonucleotide",0,"nicotinamidedribonucleotide:nmn:nicotinamidemononucleotide:nicotinamideribonucleotide:nicotinamidenucleotide:betanicotinamidedribonucleotide:betanicotinamideribonucleotide:betanicotinamidemononucleotide"
"C03150:nicotinamideriboside",4,"nicotinamidebetariboside:nribosylnicotinamide:1(betadribofuranosyl)nicotinamide"
"C00253:nicotinate",0,"nicotinate:nicotinicacid:niacin:3pyridinecarboxylicacid"
"C00857:nicotinateadeninedinucleotide",23,"deaminonad+:deamidonad+:deamidonad"
"C01046:nmethylglutamate",1,"nmethyllglutamate:nmethyllglutamicacid"
"C00712:oleate",0,"(9z)octadecenoicacid:(z)octadec9enoicacid:oleate:oleicacid"
"C00077:ornithine",0,"ornithine:(s)2,5diaminovalericacid:(s)2,5diaminopentanoicacid:(s)2,5diaminopentanoate"
"C00515:ornithine",0,"ornithine"
"C00249:palmitate",0,"hexadecanoicacid:hexadecanoate:hexadecylicacid:palmiticacid:palmitate:cetylicacid"
"C08362:palmitoleate",5,"(9z)hexadecenoicacid:palmitoleicacid:cis9hexadecenoicacid:(9z)hexadec9enoate"
"C02990:palmitoylcarnitine",0,"palmitoylcarnitine"
"C00864:pantothenate",0,"pantothenate:pantothenicacid:(r)pantothenate"
"C01468:pcresolsulfate",7,"4cresol:pcresol:4hydroxytoluene:4methylphenol"
"C05551:penicilling",0,"penicilling:benzylpenicillin"
"C04148:phenylacetylglutamine",0,"phenylacetylglutamine:alphanphenylacetyllglutamine:n2(2phenylacetyl)lglutamine"
"C00079:phenylalanine",0,"phenylalanine:(s)alphaaminobetaphenylpropionicacid"
"C00009:phosphate",0,"orthophosphate:phosphate:phosphoricacid:orthophosphoricacid"
"C00074:phosphoenolpyruvate",0,"phosphoenolpyruvate:phosphoenolpyruvicacid:pep"
"C00346:phosphoethanolamine",0,"ethanolaminephosphate:ophosphorylethanolamine:phosphoethanolamine:ophosphoethanolamine"
"C12144:phytosphingosine",0,"phytosphingosine:4dhydroxysphinganine"
"C00408:pipecolate",0,"pipecolate:pipecolinicacid:pipecolicacid:2piperidinecarboxylicacid:(s)piperidine2carboxylicacid"
"C03882:piperine",0,"piperine:n[(e,e)piperoyl]piperidine:1piperoylpiperidine"
"C05484:pregnendioldisulfate",10,"pregnanediol:5betapregnane3alpha,20alphadiol:pregnandiol:diol"
"C00148:proline",0,"proline:2pyrrolidinecarboxylicacid"
"C05953:prostaglandina2",0,"prostaglandina2:pga2:medullin"
"C00584:prostaglandine2",0,"prostaglandine2:(5z,13e)(15s)11alpha,15dihydroxy9oxoprosta5,13dienoate:(5z,13e)(15s)11alpha,15dihydroxy9oxoprost13enoate:dinoprostone:pge2"
"C02067:pseudouridine",0,"pseudouridine"
"C00134:putrescine",0,"putrescine:1,4butanediamine:1,4diaminobutane:tetramethylenediamine:butane1,4diamine"
"C00250:pyridoxal",0,"pyridoxal"
"C00847:pyridoxate",1,"4pyridoxate:4pyridoxicacid"
"C00013:pyrophosphate",0,"diphosphate:diphosphoricacid:pyrophosphate:pyrophosphoricacid:ppi"
"C00296:quinate",0,"quinate:quinicacid:kinicacid:chinicacid:quinicacid:quinate:()quinicacid"
"C03722:quinolinate",0,"quinolinate:pyridine2,3dicarboxylate:quinolinicacid:2,3pyridinedicarboxylicacid"
"C00255:riboflavin",0,"riboflavin:lactoflavin:7,8dimethyl10ribitylisoalloxazine:vitaminb2"
"C00121:ribose",0,"ribose"
"C00309:ribulose",0,"ribulose:erythro2pentulose:arabinoketose:arabinulose:riboketose"
"C00310:xylulose",0,"xylulose:threopentulose:lyxulose"
"C00449:saccharopine",0,"n6(l1,3dicarboxypropyl)llysine:saccharopine:saccharopine:n[(s)5amino5carboxypentyl]lglutamicacid"
"C00021:sadenosylhomocysteine",0,"sadenosyllhomocysteine:sadenosylhomocysteine"
"C00019:sadenosylmethionine",0,"sadenosyllmethionine:sadenosylmethionine:adomet:sam"
"C00805:salicylate",0,"salicylate:ohydroxybenzoicacid:salicylicacid"
"C00213:sarcosine",0,"sarcosine:nmethylglycine"
"C06153:scylloinositol",0,"scylloinositol:scyllitol"
"C05382:sedoheptulose7phosphate",0,"sedoheptulose7phosphate:sedoheptulose7phosphate:altroheptulose7phosphate:altroheptulose7phosphate"
"C00065:serine",0,"serine:2amino3hydroxypropionicacid:3hydroxyalanine:serine"
"C00740:serine",0,"serine"
"C00794:sorbitol",0,"sorbitol:glucitol:gulitol:sorbitol"
"C01452:sorbitol",4,"sorbose:xylohexulose"
"C01096:sorbitol6phosphate",0,"sorbitol6phosphate:sorbitol6phosphate:glucitol6phosphate"
"C00315:spermidine",0,"spermidine:n(3aminopropyl)1,4butanediamine"
"C00750:spermine",0,"spermine:n,n'bis(3aminopropyl)1,4butanediamine"
"C00836:sphinganine",0,"sphinganine:dihydrosphingosine:2amino1,3dihydroxyoctadecane"
"C00319:sphingosine",0,"sphingosine:sphingenine:sphingoid:sphing4enine"
"C00751:squalene",0,"squalene:spinacene:supraene"
"C01530:stearate",0,"octadecanoicacid:stearate:stearicacid"
"C16300:stearidonate",5,"stearidonicacid:6,9,12,15octadecatetraenoicacid:(6z,9z,12z,15z)octadecatetraenoicacid"
"C00042:succinate",0,"succinate:succinicacid:butanedionicacid:ethylenesuccinicacid"
"C00898:tartarate",1,"(r,r)tartaricacid:(r,r)tartrate:tartaricacid:tartaricacid:tartrate:2,3dihydroxybutanedioicacid:(2r,3r)tartaricacid:(+)tartaricacid"
"C00245:taurine",0,"taurine:2aminoethanesulfonicacid:aminoethylsulfonicacid"
"C00535:testosterone",0,"testosterone:17betahydroxy4androsten3one"
"C07480:theobromine",0,"theobromine:3,7dimethylxanthine"
"C01620:threonate",0,"threonate:threonate:(2r,3s)2,3,4trihydroxybutanoicacid"
"C00188:threonine",0,"threonine:2amino3hydroxybutyricacid"
"C00214:thymidine",0,"thymidine:deoxythymidine"
"C00178:thymine",0,"thymine:5methyluracil"
"C01157:trans4hydroxyproline",1,"hydroxyproline:hydroxyproline:trans4hydroxylproline"
"C00785:transurocanate",5,"urocanate:urocanicacid"
"C01004:trigonelline",0,"nmethylnicotinate:trigonelline:trigenelline:1methylpyridinio3carboxylate:betainenicotinate:caffearin:gynesine"
"C00078:tryptophan",0,"tryptophan:tryptophan:(s)alphaaminobeta(3indolyl)propionicacid"
"C00082:tyrosine",0,"tyrosine:(s)3(phydroxyphenyl)alanine:(s)2amino3(phydroxyphenyl)propionicacid:tyrosine"
"C00106:uracil",0,"uracil"
"C00366:urate",0,"urate:uricacid"
"C00086:urea",0,"urea:carbamide"
"C00299:uridine",0,"uridine"
"C00183:valine",0,"valine:2amino3methylbutyricacid"
"C05584:vanillylmandelate",5,"3methoxy4hydroxymandelate:vanillylmandelicacid"
"C00385:xanthine",0,"xanthine"
"C01762:xanthosine",0,"xanthosine"
"C00379:xylitol",0,"xylitol"
"C05411:xylonate",0,"xylonate:xylonicacid"
"C00502:xylonate",0,"xylonate"
"C00181:xylose",0,"xylose:woodsugar"
"C03819:1stearoylglycerophosphoinositol",5,"1acylglycerophosphoinositol:1acylsnglycero3phosphoinositol"
"C02918:1methylnicotinamide",0,"1methylnicotinamide:n(1)methylnicotinamide"
"C01885:1stearoylglycerol",5,"1acylglycerol:glyceride:monoglyceride:monoacylglycerol:1monoacylglycerol"
"C03284:3aminoisobutyrate",0,"3aminoisobutanoate:(s)3aminoisobutyrate:3aminoisobutyrate:(s)3aminoisobutanoate:(s)3amino2methylpropanoate:(s)betaaminoisobutyrate"
"C00141:3methyl2oxobutyrate",3,"3methyl2oxobutanoicacid:3methyl2oxobutyricacid:3methyl2oxobutanoate:2oxo3methylbutanoate:2oxoisovalerate:2oxoisopentanoate:alphaketovaline:2ketovaline:2keto3methylbutyricacid"
"C05629:3phenylpropionate",3,"phenylpropanoate:3phenylpropionicacid:3phenylpropanoicacid:3phenylpropionicacid"
"C01179:4hydroxyphenylpyruvate",0,"3(4hydroxyphenyl)pyruvate:4hydroxyphenylpyruvate:phydroxyphenylpyruvicacid"
"C00301:adenosine5'diphosphoribose",5,"adpribose:adpdribose:adenosinediphosphateribose"
"C00026:alphaketoglutarate",5,"2oxoglutarate:oxoglutaricacid:2ketoglutaricacid:alphaketoglutaricacid"
"C00792:arginine",0,"arginine:2amino5guanidinovalericacid"
"C08281:behenate",5,"docosanoicacid:docosanoate:behenicacid"
"C00487:carnitine",0,"carnitine:gammatrimethylhydroxybutyrobetaine:3hydroxy4trimethylammoniobutanoate"
"C04056:conjugatedlinoleate",20,"9cis,11transoctadecadienoate:(9z,11e)octadecadienoicacid"
"C02291:cystathionine",0,"cystathionine"
"C04555:dehydroisoandrosteronesulfate",3,"dehydroepiandrosteronesulfate:3betahydroxyandrost5en17one3sulfate:dheasulfate"
"C07635:epiandrosteronesulfate",7,"epiandrosterone"
"C00504:folate",0,"folate:pteroylglutamicacid:folicacid"
"C01921:glycocholate",0,"glycocholate:glycocholicacid:3alpha,7alpha,12alphatrihydroxy5betacholan24oylglycine"
"C00884:homocarnosine",0,"homocarnosine:homocarnosine:gammaaminobutyrylhistidine:n(4amino1oxobutyryl)histidine"
"C01177:inositol1phosphate",0,"inositol1phosphate:myoinositol1phosphate:1dmyoinositol1phosphate:myoinositol1phosphate:1dmyoinositol1monophosphate"
"C00383:malonate",0,"malonate:malonicacid:propanedioicacid"
"C00392:mannitol",0,"mannitol:mannitol"
"C02989:methioninesulfoxide",3,"methioninesoxide"
"C03145:nformylmethionine",0,"nformylmethionine:nformyllmethionine"
"C05598:phenylacetylglycine",0,"phenylacetylglycine"
"C05607:phenyllactate",0,"phenyllactate:(r)phenyllactate"
"C00166:phenylpyruvate",0,"phenylpyruvate:phenylpyruvicacid:alphaketohydrocinnamicacid:ketophenylpyruvate:3phenyl2oxopropanoate:2oxo3phenylpropanoate"
"C00314:pyridoxine",0,"pyridoxine:pyridoxol"
"C00022:pyruvate",0,"pyruvate:pyruvicacid:2oxopropanoate:2oxopropanoicacid:pyroracemicacid"
"C00312:ribulose",3,"xylulose:threopentulose:lyxulose"
"C00508:ribulose",0,"ribulose:erythropentulose:arabinoketose:arabinulose:riboketose"
"C00550:stearoylsphingomyelin",8,"sphingomyelin"
"C05465:taurochenodeoxycholate",0,"taurochenodeoxycholate:taurochenodeoxycholicacid:chenodeoxycholoyltaurine"
"C05122:taurocholate",0,"taurocholate:taurocholicacid:cholyltaurine"
"C03642:taurolithocholate3sulfate",1,"taurolithocholatesulfate:3alphasulfatolithocholyltaurine:taurolithocholicacid3sulfate"
"C00167:udpglucuronate",0,"udpglucuronate:udpglucuronate:udpdglucuronate:udpalphadglucuronate"
"C07880:ursodeoxycholate",0,"ursodiol:ursodeoxycholicacid:ursodeoxycholate:3alpha,7betadihydroxy5betacholan24oicacid"
"C00008:adenosine5'diphosphate",0,"adp:adenosine5'diphosphate"
"C00386:carnosine",0,"carnosine:nalpha(betaalanyl)lhistidine"
"C00010:coenzymea",0,"coa:coenzymea:coash"
"C04483:deoxycholate",0,"deoxycholicacid:deoxycholate:3alpha,12alphadihydroxy5betacholanate:3alpha,12alphadihydroxy5betacholanicacid"
"C01005:3phosphoserine",0,"ophospholserine:ophosphoserine:3phosphoserine:dexfosfoserine"
"C02946:4acetamidobutanoate",0,"4acetamidobutanoate:n4acetylaminobutanoate"
"C00227:acetylphosphate",0,"acetylphosphate"
"C00259:arabinose",0,"arabinose:arabinopyranose"
"C00576:betainealdehyde",0,"betainealdehyde"
"C07496:carbamazepine10,11epoxide",0,"carbamazepine10,11epoxide:carbamazepineepoxide"
"C06868:carbamazepine",0,"carbamazepine"
"C00606:cysteinesulfinicacid",0,"3sulfinolalanine:cysteinesulfinicacid:3sulphinolalanine:3sulfinoalanine"
"C05422:dehydroascorbate",0,"dehydroascorbate:dehydroascorbicacid:dehydroascorbate:dehydroascorbicacid"
"C00111:dihydroxyacetonephosphate",0,"glyceronephosphate:dihydroxyacetonephosphate:3hydroxy2oxopropylphosphate"
"C00235:dimethylallylpyrophosphate",0,"dimethylallyldiphosphate:2isopentenyldiphosphate:delta2isopentenyldiphosphate:dimethylallylpyrophosphate:dmapp:monoprenyldiphosphate:prenyldiphosphate"
"C00624:nacetylglutamate",1,"nacetyllglutamate:nacetyllglutamicacid"
"C00117:ribose5phosphate",0,"ribose5phosphate:ribose5phosphate"
"C00089:sucrose",0,"sucrose:canesugar:saccharose:1alphadglucopyranosyl2betadfructofuranoside"
"C06771:triethanolamine",0,"triethanolamine:trolamine"
"C01218:2dehydrodgluconate",8,"6phospho2dehydrodgluconate:2dehydrodgluconate6phosphate"
"C00024:acetylcoa",0,"acetylcoa:acetylcoenzymea"
"C00498:adpdglucose",1,"adpglucose:adenosinediphosphoglucose"
"C02350:allantoin",3,"(s)allantoin:(s)(+)allantoin"
"C00108:anthranilate",0,"anthranilate:anthranilicacid:oaminobenzoicacid:vitaminl1:2aminobenzoate"
"C00002:atp",0,"atp:adenosine5'triphosphate"
"C00112:cdp",0,"cdp:cytidine5'diphosphate:cytidinediphosphate"
"C00570:cdpethanolamine",0,"cdpethanolamine:cytidinediphosphateethanolamine"
"C18043:cholesterylsulfate",1,"cholesterolsulfate:cholest5en3betaolsulfate"
"C02305:creatinephosphate",0,"phosphocreatine:nphosphocreatine:creatinephosphate"
"C00575:cyclicamp",0,"3',5'cyclicamp:cyclicadenylicacid:cyclicamp:adenosine3',5'phosphate:adenosine3',5'cyclicphosphate:camp"
"C01236:gluconodeltalactone6phosphate",5,"glucono1,5lactone6phosphate:6phosphodglucono1,5lactone"
"C00286:dgtp",0,"dgtp:2'deoxyguanosine5'triphosphate:deoxyguanosine5'triphosphate:deoxyguanosinetriphosphate"
"C00364:dtmp",0,"dtmp:thymidine5'phosphate:deoxythymidine5'phosphate:thymidylicacid:5'thymidylicacid:thymidinemonophosphate:deoxythymidylicacid:thymidylate"
"C00354:fructose1,6bisphosphate",0,"fructose1,6bisphosphate"
"C00035:gdp",0,"gdp:guanosine5'diphosphate:guanosinediphosphate"
"C00144:gmp",0,"gmp:guanosine5'phosphate:guanosinemonophosphate:guanosine5'monophosphate:guanylicacid"
"C00104:idp",0,"idp:inosine5'diphosphate:inosinediphosphate"
"C00130:imp",0,"imp:inosinicacid:inosinemonophosphate:inosine5'monophosphate:inosine5'phosphate:5'inosinate:5'inosinicacid:5'inosinemonophosphate:5'imp"
"C00463:indole",0,"indole:2,3benzopyrrole"
"C00311:isocitrate",0,"isocitrate:isocitricacid:1hydroxytricarballylicacid:1hydroxypropane1,2,3tricarboxylicacid"
"C04501:nacetylglucosamine1phosphate",6,"nacetylalphadglucosamine1phosphate"
"C00006:nadp+",0,"nadp+:nadp:nicotinamideadeninedinucleotidephosphate:betanicotinamideadeninedinucleotidephosphate:tpn:triphosphopyridinenucleotide:betanadp+"
"C03175:shikimate3phosphate",0,"shikimate3phosphate:shikimate5phosphate"
"C00015:udp",0,"udp:uridine5'diphosphate"
"C00029:udpdglucose",0,"udpglucose:udpglucose:udpdglucose:uridinediphosphateglucose:udpalphadglucose"
"C00043:udpnacetylglucosamine",0,"udpnacetylalphadglucosamine:udpnacetyldglucosamine:udpnacetylglucosamine"
"C00105:ump",0,"ump:uridylicacid:uridinemonophosphate:uridine5'monophosphate:5'uridylicacid"
"C00075:utp",0,"utp:uridine5'triphosphate:uridinetriphosphate"
"C00881:2'deoxycytidine",0,"deoxycytidine:2'deoxycytidine"
"C00239:2'deoxycytidine5'monophosphate",0,"dcmp:deoxycytidylicacid:deoxycytidinemonophosphate:deoxycytidylate:2'deoxycytidine5'monophosphate"
"C05635:5hydroxyindoleacetate",0,"5hydroxyindoleacetate"
"C14828:9,10hydroxyoctadec12(z)enoicacid",10,"9,10dhome:9,10dhoa:(12z)9,10dihydroxyoctadec12enoicacid"
"C02353:adenosine2',3'cyclicmonophosphate",21,"2',3'cyclicamp"
"C02528:chenodeoxycholate",0,"chenodeoxycholate:chenodeoxycholicacid:3alpha,7alphadihydroxy5betacholanicacid:chenodiol"
"C05466:glycochenodeoxycholate",0,"glycochenodeoxycholate:glycochenodeoxycholicacid:chenodeoxyglycocholate"
"C19615:hexadecanedioate",0,"hexadecanedioate"
"C01717:kynurenate",0,"4hydroxy2quinolinecarboxylicacid:kynurenicacid:kynurenate"
"C16561:nethylglycinexylidide",3,"monoethylglycinexylidide"
"C00492:raffinose",0,"raffinose:melitose:melitriose:gossypose:6galphadgalactosylsucrose"
"C05127:1methylhistamine",0,"nmethylhistamine:1methylhistamine:1methyl4(2aminoethyl)imidazole:ntaumethylhistamine"
"C00500:biliverdin",0,"biliverdin:biliverdinixalpha"
"C07481:caffeine",0,"caffeine:1,3,7trimethylxanthine"
"C13747:paraxanthine",0,"1,7dimethylxanthine:paraxanthine"
"C00696:prostaglandind2",0,"prostaglandind2:(5z,13e)(15s)9alpha,15dihydroxy11oxoprosta5,13dienoate:(5z,13e,15s)9alpha,15dihydroxy11oxoprosta5,13dienoate:pgd2"
"C03451:slactoylglutathione",1,"(r)slactoylglutathione:sdlactoylglutathione"
"C05963:thromboxaneb2",0,"thromboxaneb2:txb2"
"C16356:1,7dimethylurate",5,"1,7dimethyluricacid"
"C05627:4vinylphenolsulfate",7,"4hydroxystyrene:4vinylphenol"
"C01996:acetylcholine",0,"acetylcholine:oacetylcholine"
"C03619:methylalphaglucopyranoside",8,"methylbetadgalactoside:methylbetadgalactopyranoside"
"C02714:nacetylputrescine",0,"nacetylputrescine"
"C00780:serotonin",0,"serotonin:3(2aminoethyl)1hindol5ol:5hydroxytryptamine:enteramine"
